01/13/2020,MyBookie,,AJAX AMSTERDAM -1,,,,(Ajax Amsterdam vs PSV Eindhoven),,,5.00,1.81,Y,N,Bet Ticket: #86183212  Placed: 01/13/2020  STRAIGHT BET (FP)  [7003619] AJAX AMSTERDAM -1 1.81 (Ajax Amsterdam vs PSV Eindhoven) LOSE  Risk: $0.00 LOSE  Win: $  0.00
01/13/2020,MyBookie,,TOTAL o3,,,,(TOP OSS vrs AZ ALKMAAR) (TOP Oss vs AZ Alkmaar),,,5.00,1.86,Y,Y,Bet Ticket: #86183247  Placed: 01/13/2020  STRAIGHT BET (FP)  [7003347] TOTAL o3 1.86 (TOP OSS vrs AZ ALKMAAR) (TOP Oss vs AZ Alkmaar) WIN  Risk: $0.00 WIN  Win: $  4.31
01/13/2020,MyBookie,,AZ ALKMAAR,,,,(TOP Oss vs AZ Alkmaar),,,5.00,1.83,Y,Y,Bet Ticket: #86183602  Placed: 01/13/2020  STRAIGHT BET (FP)  [7003348] AZ ALKMAAR 1.83 (TOP Oss vs AZ Alkmaar) WIN  Risk: $0.00 WIN  Win: $  4.13
01/13/2020,MyBookie,,PARMA CALCIO 1913 S.R.L.,,,,(US Lecce vs Parma Calcio 1913 S.r.l.),,,5.00,1.70,Y,Y,Bet Ticket: #86182942  Placed: 01/13/2020  STRAIGHT BET (FP)  [7006810] PARMA CALCIO 1913 S.R.L. 1.70 (US Lecce vs Parma Calcio 1913 S.r.l.) WIN  Risk: $0.00 WIN  Win: $  3.52
01/13/2020,MyBookie,,FC LORIENT,,,,(SM Caen vs FC Lorient),,,5.00,1.68,Y,Y,Bet Ticket: #86183252  Placed: 01/13/2020  STRAIGHT BET (FP)  [7011658] FC LORIENT 1.68 (SM Caen vs FC Lorient) WIN  Risk: $0.00 WIN  Win: $  3.40
01/13/2020,MyBookie,,LINFIELD FC,,,,(Linfield FC vs Cliftonville FC),,,5.00,2.62,Y,Y,Bet Ticket: #86182951  Placed: 01/13/2020  STRAIGHT BET (FP)  [7039239] LINFIELD FC 2.62 (Linfield FC vs Cliftonville FC) WIN  Risk: $0.00 WIN  Win: $  8.10
01/13/2020,MyBookie,,TOTAL u2¾,,,,(LINFIELD FC vrs CLIFTONVILLE FC) (Linfield FC vs Cliftonville FC),,,5.00,1.78,Y,N,Bet Ticket: #86182968  Placed: 01/13/2020  STRAIGHT BET (FP)  [7039240] TOTAL u2¾ 1.78 (LINFIELD FC vrs CLIFTONVILLE FC) (Linfield FC vs Cliftonville FC) Lose By ¾  Risk: $0.00 Lose By ¾  Win: $  0.00
01/13/2020,MyBookie,,CALGARY FLAMES,,,,,,,5.00,1.91,Y,N,Bet Ticket: #86183615  Placed: 01/13/2020  STRAIGHT BET (FP)  [69] CALGARY FLAMES 1.91 LOSE  Risk: $0.00 LOSE  Win: $  0.00
01/13/2020,MyBookie,,TIE,,,,(NEW YORK ISLANDERS vs NEW YORK RANGERS - 3 Way Line),,,5.00,4.00,Y,N,Bet Ticket: #86227076  Placed: 01/13/2020  (FP)  [78053] TIE 4.00 (NEW YORK ISLANDERS vs NEW YORK RANGERS - 3 Way Line) LOSE  Risk: $0.00 LOSE  Win: $  0.00
01/13/2020,MyBookie,,INDIANA PACERS -3½,,,,,,,5.00,1.91,Y,Y,Bet Ticket: #86236438  Placed: 01/13/2020  STRAIGHT BET (FP)  [558] INDIANA PACERS -3½ 1.91 WIN  Risk: $0.00 WIN  Win: $  4.55
01/13/2020,MyBookie,,INDIANA PACERS -3½,,,,,,,5.00,1.91,Y,Y,Bet Ticket: #86231495  Placed: 01/13/2020  STRAIGHT BET (FP)  [558] INDIANA PACERS -3½ 1.91 WIN  Risk: $0.00 WIN  Win: $  4.55
01/13/2020,MyBookie,,CHICAGO BULLS +9½,,,,,,,5.00,1.91,Y,N,Bet Ticket: #86227932  Placed: 01/13/2020  STRAIGHT BET (FP)  [561] CHICAGO BULLS +9½ 1.91 LOSE  Risk: $0.00 LOSE  Win: $  0.00
01/13/2020,MyBookie,,OKLAHOMA CITY THUNDER -2,,,,,,,5.00,1.91,Y,Y,Bet Ticket: #86235135  Placed: 01/13/2020  STRAIGHT BET (FP)  [563] OKLAHOMA CITY THUNDER -2 1.91 WIN  Risk: $0.00 WIN  Win: $  4.55
01/13/2020,MyBookie,,OKLAHOMA CITY THUNDER -2,,,,,,,5.00,1.91,Y,Y,Bet Ticket: #86227373  Placed: 01/13/2020  STRAIGHT BET (FP)  [563] OKLAHOMA CITY THUNDER -2 1.91 WIN  Risk: $0.00 WIN  Win: $  4.55
01/13/2020,MyBookie,,LSU -6,,,,,,,5.00,1.95,Y,Y,Bet Ticket: #86183543  Placed: 01/13/2020  STRAIGHT BET (FP)  [284] LSU -6 1.95 WIN  Risk: $0.00 WIN  Win: $  4.76
01/13/2020,MyBookie,,CHARLOTTE HORNETS +9½,,,,,,,5.00,1.91,Y,Y,Bet Ticket: #86234646  Placed: 01/13/2020  STRAIGHT BET (FP)  [565] CHARLOTTE HORNETS +9½ 1.91 WIN  Risk: $0.00 WIN  Win: $  4.55
01/13/2020,MyBookie,,ORLANDO MAGIC +2,,,,,,,5.00,1.91,Y,Y,Bet Ticket: #86227928  Placed: 01/13/2020  STRAIGHT BET (FP)  [567] ORLANDO MAGIC +2 1.91 WIN  Risk: $0.00 WIN  Win: $  4.55
01/13/2020,MyBookie,,CHICAGO BULLS +13½,,,,(Chicago Bulls vs Boston Celtics),,,5.00,1.90,Y,Y,Bet Ticket: #86258313  Placed: 01/13/2020  STRAIGHT BET (FP)  [1003757] CHICAGO BULLS +13½ 1.90 (Chicago Bulls vs Boston Celtics) WIN  Risk: $0.00 WIN  Win: $  4.50
01/13/2020,MyBookie,,CLEVELAND CAVALIERS +14,,,,,,,5.00,1.91,Y,N,Bet Ticket: #86227931  Placed: 01/13/2020  STRAIGHT BET (FP)  [569] CLEVELAND CAVALIERS +14 1.91 LOSE  Risk: $0.00 LOSE  Win: $  0.00
01/14/2020,MyBookie,,"GULBIS, ERNESTS",,,,"(CRESSY, MAXIME vrs GULBIS, ERNESTS) (Cressy, Maxime vs Gulbis, Ernests)",,,5.00,1.92,Y,Y,"Bet Ticket: #86283535  Placed: 01/14/2020  STRAIGHT BET (FP)  [7092772] GULBIS, ERNESTS 1.92 (CRESSY, MAXIME vrs GULBIS, ERNESTS) (Cressy, Maxime vs Gulbis, Ernests) WIN  Risk: $0.00 WIN  Win: $  4.59"
01/14/2020,MyBookie,,TOTAL o166,,,,(REAL MADRID vrs CSKA MOSCOW),,,5.00,1.91,Y,N,Bet Ticket: #86284934  Placed: 01/14/2020  STRAIGHT BET (FP)  [305921] TOTAL o166 1.91 (REAL MADRID vrs CSKA MOSCOW) LOSE  Risk: $0.00 LOSE  Win: $  0.00
01/13/2020,MyBookie,,WATFORD FC,,,,(Watford FC vs Tranmere Rovers - 1st Half),,,5.00,2.08,N,R,Bet Ticket: #86247267  Placed: 01/13/2020  STRAIGHT BET  [7045193] WATFORD FC 2.08 (Watford FC vs Tranmere Rovers - 1st Half) N/A CANCEL  Risk: $5.00 NO BET  Win: $  0.00
01/13/2020,MyBookie,,COVENTRY CITY,,,,(Bristol Rovers vs Coventry City),,,5.00,1.49,Y,Y,Bet Ticket: #86183256  Placed: 01/13/2020  STRAIGHT BET (FP)  [7043668] COVENTRY CITY 1.49 (Bristol Rovers vs Coventry City) WIN  Risk: $0.00 WIN  Win: $  2.45
01/13/2020,MyBookie,,NEWCASTLE UNITED,,,,(Rochdale AFC vs Newcastle United),,,5.00,1.25,N,Y,Bet Ticket: #86245790  Placed: 01/13/2020  STRAIGHT BET  [7044054] NEWCASTLE UNITED 1.25 (Rochdale AFC vs Newcastle United) WIN  Risk: $5.00 WIN  Win: $  1.25
01/13/2020,MyBookie,,YES,,,,(NO vrs YES) (Bolton Wanderers vs Lincoln City - Both teams to score),,,5.00,1.97,N,Y,Bet Ticket: #86245791  Placed: 01/13/2020  STRAIGHT BET  [7053982] YES 1.97 (NO vrs YES) (Bolton Wanderers vs Lincoln City - Both teams to score) WIN  Risk: $5.00 WIN  Win: $  4.85
01/13/2020,MyBookie,,BURTON ALBION,,,,(Milton Keynes Dons vs Burton Albion),,,5.00,1.72,N,Y,Bet Ticket: #86245793  Placed: 01/13/2020  STRAIGHT BET  [7051694] BURTON ALBION 1.72 (Milton Keynes Dons vs Burton Albion) WIN  Risk: $5.00 WIN  Win: $  3.62
01/13/2020,MyBookie,,TOTAL o2¼,,,,(PORT VALE vrs MORECAMBE FC) (Port Vale vs Morecambe FC),,,5.00,1.79,Y,Y,Bet Ticket: #86246108  Placed: 01/13/2020  STRAIGHT BET (FP)  [7053017] TOTAL o2¼ 1.79 (PORT VALE vrs MORECAMBE FC) (Port Vale vs Morecambe FC) WIN  Risk: $0.00 WIN  Win: $  3.97
01/13/2020,MyBookie,,2,,,,(Port Vale vs Morecambe FC - Port Vale exact goals),,,5.00,3.46,Y,N,Bet Ticket: #86246109  Placed: 01/13/2020  (FP)  [7053251] 2 3.46 (Port Vale vs Morecambe FC - Port Vale exact goals) LOSE  Risk: $0.00 LOSE  Win: $  0.00
01/13/2020,MyBookie,,TOTAL o3,,,,(ROCHDALE AFC vrs NEWCASTLE UNITED) (Rochdale AFC vs Newcastle United),,,5.00,1.99,N,Y,Bet Ticket: #86247263  Placed: 01/13/2020  STRAIGHT BET  [7044053] TOTAL o3 1.99 (ROCHDALE AFC vrs NEWCASTLE UNITED) (Rochdale AFC vs Newcastle United) WIN  Risk: $5.00 WIN  Win: $  4.95
01/13/2020,MyBookie,,TOTAL o2½,,,,(BOLTON WANDERERS vrs LINCOLN CITY) (Bolton Wanderers vs Lincoln City),,,5.00,1.92,N,Y,Bet Ticket: #86247268  Placed: 01/13/2020  STRAIGHT BET  [7053825] TOTAL o2½ 1.92 (BOLTON WANDERERS vrs LINCOLN CITY) (Bolton Wanderers vs Lincoln City) WIN  Risk: $5.00 WIN  Win: $  4.59
01/13/2020,MyBookie,,TOTAL o2¼,,,,(IPSWICH TOWN vrs OXFORD UNITED) (Ipswich Town vs Oxford United),,,5.00,1.76,N,N,Bet Ticket: #86247270  Placed: 01/13/2020  STRAIGHT BET  [7051965] TOTAL o2¼ 1.76 (IPSWICH TOWN vrs OXFORD UNITED) (Ipswich Town vs Oxford United) LOSE  Risk: $5.00 LOSE  Win: $  0.00
01/13/2020,MyBookie,,TOTTENHAM HOTSPUR,,,,(Middlesbrough FC vs Tottenham Hotspur),,,5.00,1.25,N,Y,Bet Ticket: #86247272  Placed: 01/13/2020  STRAIGHT BET  [7044446] TOTTENHAM HOTSPUR 1.25 (Middlesbrough FC vs Tottenham Hotspur) WIN  Risk: $5.00 WIN  Win: $  1.25
01/14/2020,MyBookie,,TAMPA BAY LIGHTNING -1½,,,,,,,5.00,1.91,Y,N,Bet Ticket: #86282803  Placed: 01/14/2020  STRAIGHT BET (FP)  [6] TAMPA BAY LIGHTNING -1½ 1.91 LOSE  Risk: $0.00 LOSE  Win: $  0.00
01/14/2020,MyBookie,,TOTAL o6,,,,(VEGAS GOLDEN KNIGHTS vrs BUFFALO SABRES),,,5.30,1.95,N,PU,Bet Ticket: #86285551  Placed: 01/14/2020  STRAIGHT BET  [1] TOTAL o6 1.95 (VEGAS GOLDEN KNIGHTS vrs BUFFALO SABRES) PUSH  Risk: $5.30 PUSH  Win: $  0.00
01/14/2020,MyBookie,,BOSTON BRUINS -1½,,,,,,,5.00,2.80,Y,N,Bet Ticket: #86318693  Placed: 01/14/2020  STRAIGHT BET (FP)  [9] BOSTON BRUINS -1½ 2.80 LOSE  Risk: $0.00 LOSE  Win: $  0.00
01/14/2020,MyBookie,,TOTAL o1½,,,,(1P CHICAGO BLACKHAWKS vrs 1P OTTAWA SENATORS),,,5.00,1.71,Y,Y,Bet Ticket: #86318695  Placed: 01/14/2020  STRAIGHT BET (FP)  [1013] TOTAL o1½ 1.71 (1P CHICAGO BLACKHAWKS vrs 1P OTTAWA SENATORS) WIN  Risk: $0.00 WIN  Win: $  3.57
01/14/2020,MyBookie,,CHICAGO BLACKHAWKS,,,,,,,5.00,2.00,N,Y,Bet Ticket: #86285552  Placed: 01/14/2020  STRAIGHT BET  [13] CHICAGO BLACKHAWKS 2.00 WIN  Risk: $5.00 WIN  Win: $  5.00
01/14/2020,MyBookie,,TOTAL o6½,,,,(CHICAGO BLACKHAWKS vrs OTTAWA SENATORS),,,10.00,1.87,N,N,Bet Ticket: #86285553  Placed: 01/14/2020  STRAIGHT BET  [13] TOTAL o6½ 1.87 (CHICAGO BLACKHAWKS vrs OTTAWA SENATORS) LOSE  Risk: $10.00 LOSE  Win: $  0.00
01/14/2020,MyBookie,,TOTAL o6,,,,(CHICAGO BLACKHAWKS vrs OTTAWA SENATORS),,,5.00,1.87,Y,N,Bet Ticket: #86318694  Placed: 01/14/2020  STRAIGHT BET (FP)  [13] TOTAL o6 1.87 (CHICAGO BLACKHAWKS vrs OTTAWA SENATORS) LOSE  Risk: $0.00 LOSE  Win: $  0.00
01/14/2020,MyBookie,,BROOKLYN NETS +3,,,,,,,5.00,1.95,Y,N,Bet Ticket: #86319606  Placed: 01/14/2020  STRAIGHT BET (FP)  [574] BROOKLYN NETS +3 1.95 LOSE  Risk: $0.00 LOSE  Win: $  0.00
01/14/2020,MyBookie,,BROOKLYN NETS,,,,,,,5.00,2.35,Y,N,Bet Ticket: #86319607  Placed: 01/14/2020  STRAIGHT BET (FP)  [574] BROOKLYN NETS 2.35 LOSE  Risk: $0.00 LOSE  Win: $  0.00
01/14/2020,MyBookie,,TOTAL u230½,,,,(PHOENIX SUNS vrs ATLANTA HAWKS),,,5.00,1.91,Y,N,Bet Ticket: #86319605  Placed: 01/14/2020  STRAIGHT BET (FP)  [572] TOTAL u230½ 1.91 (PHOENIX SUNS vrs ATLANTA HAWKS) LOSE  Risk: $0.00 LOSE  Win: $  0.00
01/14/2020,MyBookie,,TOTAL u58½,,,,(1Q NEW YORK KNICKS vrs 1Q MILWAUKEE BUCKS),,,5.00,1.87,Y,Y,Bet Ticket: #86294363  Placed: 01/14/2020  STRAIGHT BET (FP)  [3578] TOTAL u58½ 1.87 (1Q NEW YORK KNICKS vrs 1Q MILWAUKEE BUCKS) WIN  Risk: $0.00 WIN  Win: $  4.35
01/14/2020,MyBookie,,MILWAUKEE BUCKS -16½,,,,,,,5.00,1.91,Y,Y,Bet Ticket: #86294368  Placed: 01/14/2020  STRAIGHT BET (FP)  [578] MILWAUKEE BUCKS -16½ 1.91 WIN  Risk: $0.00 WIN  Win: $  4.55
01/14/2020,MyBookie,,HOUSTON ROCKETS -5,,,,,,,5.00,1.91,Y,N,Bet Ticket: #86294369  Placed: 01/14/2020  STRAIGHT BET (FP)  [575] HOUSTON ROCKETS -5 1.91 LOSE  Risk: $0.00 LOSE  Win: $  0.00
01/14/2020,MyBookie,,MARYLAND,,,,,,,5.00,2.20,Y,N,Bet Ticket: #86318901  Placed: 01/14/2020  STRAIGHT BET (FP)  [641] MARYLAND 2.20 LOSE  Risk: $0.00 LOSE  Win: $  0.00
01/14/2020,MyBookie,,TOTAL o5½,,,,(SAN JOSE SHARKS vrs ARIZONA COYOTES),,,5.00,2.15,Y,Y,Bet Ticket: #86318696  Placed: 01/14/2020  STRAIGHT BET (FP)  [19] TOTAL o5½ 2.15 (SAN JOSE SHARKS vrs ARIZONA COYOTES) WIN  Risk: $0.00 WIN  Win: $  5.75
01/14/2020,MyBookie,,ARIZONA COYOTES,,,,,,,5.00,1.71,N,Y,Bet Ticket: #86341686  Placed: 01/14/2020  STRAIGHT BET  [20] ARIZONA COYOTES 1.71 WIN  Risk: $5.00 WIN  Win: $  3.57
01/14/2020,MyBookie,,COLORADO AVALANCHE,,,,,,,5.00,1.69,N,N,Bet Ticket: #86285555  Placed: 01/14/2020  STRAIGHT BET  [22] COLORADO AVALANCHE 1.69 LOSE  Risk: $5.00 LOSE  Win: $  0.00
01/14/2020,MyBookie,,1H DALLAS MAVERICKS -4,,,,,,,5.00,1.91,Y,Y,Bet Ticket: #86294366  Placed: 01/14/2020  STRAIGHT BET (FP)  [1581] 1H DALLAS MAVERICKS -4 1.91 WIN  Risk: $0.00 WIN  Win: $  4.55
01/14/2020,MyBookie,,1H LOS ANGELES CLIPPERS -9,,,,,,,5.00,1.91,Y,Y,Bet Ticket: #86294365  Placed: 01/14/2020  STRAIGHT BET (FP)  [1580] 1H LOS ANGELES CLIPPERS -9 1.91 WIN  Risk: $0.00 WIN  Win: $  4.55
01/14/2020,MyBookie,,DALLAS MAVERICKS -8,,,,,,,5.00,1.91,Y,Y,Bet Ticket: #86294367  Placed: 01/14/2020  STRAIGHT BET (FP)  [581] DALLAS MAVERICKS -8 1.91 WIN  Risk: $0.00 WIN  Win: $  4.55
01/14/2020,MyBookie,,SAN DIEGO STATE -7½,,,,,,,5.00,1.95,Y,Y,Bet Ticket: #86332996  Placed: 01/14/2020  STRAIGHT BET (FP)  [647] SAN DIEGO STATE -7½ 1.95 WIN  Risk: $0.00 WIN  Win: $  4.76
01/15/2020,MyBookie,,"POSPISIL, VASEK",,,,"(SHAPOVALOV, DENIS vrs POSPISIL, VASEK) (Shapovalov, Denis vs Pospisil, Vasek)",,,5.00,2.48,Y,N,"Bet Ticket: #86361341  Placed: 01/15/2020  STRAIGHT BET (FP)  [7123018] POSPISIL, VASEK 2.48 (SHAPOVALOV, DENIS vrs POSPISIL, VASEK) (Shapovalov, Denis vs Pospisil, Vasek) LOSE  Risk: $0.00 LOSE  Win: $  0.00"
01/15/2020,MyBookie,,TOTAL o21½,,,,"(GOERGES, JULIA vrs BENCIC, BELINDA) (Goerges, Julia vs Bencic, Belinda - Handicap and total games)",,,5.00,1.80,Y,Y,"Bet Ticket: #86367655  Placed: 01/15/2020  STRAIGHT BET (FP)  [7123621] TOTAL o21½ 1.80 (GOERGES, JULIA vrs BENCIC, BELINDA) (Goerges, Julia vs Bencic, Belinda - Handicap and total games) WIN  Risk: $0.00 WIN  Win: $  4.00"
01/15/2020,MyBookie,,"GOERGES, JULIA",,,,"(GOERGES, JULIA vrs BENCIC, BELINDA) (Goerges, Julia vs Bencic, Belinda)",,,5.00,2.00,Y,N,"Bet Ticket: #86361340  Placed: 01/15/2020  STRAIGHT BET (FP)  [7123243] GOERGES, JULIA 2.00 (GOERGES, JULIA vrs BENCIC, BELINDA) (Goerges, Julia vs Bencic, Belinda) LOSE  Risk: $0.00 LOSE  Win: $  0.00"
01/15/2020,MyBookie,,INTER ALLIES FC,,,,(Elmina Sharks vs Inter Allies FC),,,5.00,2.02,N,N,Bet Ticket: #86365083  Placed: 01/15/2020  STRAIGHT BET  [7135172] INTER ALLIES FC 2.02 (Elmina Sharks vs Inter Allies FC) LOSE  Risk: $5.00 LOSE  Win: $  0.00
01/14/2020,MyBookie,,YES,,,,(NO vrs YES) (Apoel Nicosia FC vs Ethnikos Achnas FC - Both teams to score),,,5.00,2.56,Y,N,Bet Ticket: #86292642  Placed: 01/14/2020  STRAIGHT BET (FP)  [7085286] YES 2.56 (NO vrs YES) (Apoel Nicosia FC vs Ethnikos Achnas FC - Both teams to score) LOSE  Risk: $0.00 LOSE  Win: $  0.00
01/15/2020,MyBookie,,SD HUESCA,,,,(Tenerife CD vs SD Huesca),,,7.60,1.66,N,Y,Bet Ticket: #86365081  Placed: 01/15/2020  STRAIGHT BET  [7034562] SD HUESCA 1.66 (Tenerife CD vs SD Huesca) WIN  Risk: $7.60 WIN  Win: $  5.03
01/15/2020,MyBookie,,YES,,,,(NO vrs YES) (FC Stade Rennes vs Olympique Nimes - Both teams to score),,,5.00,1.95,Y,N,Bet Ticket: #86370121  Placed: 01/15/2020  STRAIGHT BET (FP)  [7038394] YES 1.95 (NO vrs YES) (FC Stade Rennes vs Olympique Nimes - Both teams to score) LOSE  Risk: $0.00 LOSE  Win: $  0.00
01/15/2020,MyBookie,,ALCORCON AD DRAW,,,,(Numancia CD vs Alcorcon AD),,,5.00,2.90,Y,Y,Bet Ticket: #86370252  Placed: 01/15/2020  STRAIGHT BET (FP)  [7034831] ALCORCON AD DRAW 2.90 (Numancia CD vs Alcorcon AD) WIN  Risk: $0.00 WIN  Win: $  9.50
01/15/2020,MyBookie,,CARDIFF CITY -1,,,,(Cardiff City vs Carlisle United),,,5.00,1.89,Y,PU,Bet Ticket: #86370251  Placed: 01/15/2020  STRAIGHT BET (FP)  [7045297] CARDIFF CITY -1 1.89 (Cardiff City vs Carlisle United) PUSH  Risk: $0.00 PUSH  Win: $  0.00
01/15/2020,MyBookie,,TOTAL o2¾,,,,(CARDIFF CITY vrs CARLISLE UNITED) (Cardiff City vs Carlisle United),,,5.00,1.90,Y,Y,Bet Ticket: #86371123  Placed: 01/15/2020  STRAIGHT BET (FP)  [7045297] TOTAL o2¾ 1.90 (CARDIFF CITY vrs CARLISLE UNITED) (Cardiff City vs Carlisle United) WIN  Risk: $0.00 WIN  Win: $  4.50
01/15/2020,MyBookie,,TOTAL o220½,,,,(SAN ANTONIO SPURS vrs MIAMI HEAT),,,5.00,1.91,Y,N,Bet Ticket: #86407370  Placed: 01/15/2020  STRAIGHT BET (FP)  [505] TOTAL o220½ 1.91 (SAN ANTONIO SPURS vrs MIAMI HEAT) LOSE  Risk: $0.00 LOSE  Win: $  0.00
01/15/2020,MyBookie,,MIAMI HEAT -5½,,,,,,,5.00,1.95,Y,Y,Bet Ticket: #86407390  Placed: 01/15/2020  STRAIGHT BET (FP)  [506] MIAMI HEAT -5½ 1.95 WIN  Risk: $0.00 WIN  Win: $  4.76
01/15/2020,MyBookie,,TOTAL o220,,,,(SAN ANTONIO SPURS vrs MIAMI HEAT),,,5.00,1.91,Y,N,Bet Ticket: #86408965  Placed: 01/15/2020  STRAIGHT BET (FP)  [505] TOTAL o220 1.91 (SAN ANTONIO SPURS vrs MIAMI HEAT) LOSE  Risk: $0.00 LOSE  Win: $  0.00
01/15/2020,MyBookie,,TEXAS +3½,,,,,,,5.00,1.91,Y,Y,Bet Ticket: #86407580  Placed: 01/15/2020  STRAIGHT BET (FP)  [821] TEXAS +3½ 1.91 WIN  Risk: $0.00 WIN  Win: $  4.55
01/15/2020,MyBookie,,TOTAL u125,,,,(TEXAS vrs OKLAHOMA STATE),,,5.00,1.91,Y,N,Bet Ticket: #86407581  Placed: 01/15/2020  STRAIGHT BET (FP)  [822] TOTAL u125 1.91 (TEXAS vrs OKLAHOMA STATE) LOSE  Risk: $0.00 LOSE  Win: $  0.00
01/15/2020,MyBookie,,TOTAL u59,,,,(1Q WASHINGTON WIZARDS vrs 1Q CHICAGO BULLS),,,5.00,1.87,Y,Y,Bet Ticket: #86426669  Placed: 01/15/2020  STRAIGHT BET (FP)  [3512] TOTAL u59 1.87 (1Q WASHINGTON WIZARDS vrs 1Q CHICAGO BULLS) WIN  Risk: $0.00 WIN  Win: $  4.35
01/15/2020,MyBookie,,BLUES,,,,(PHILADELPHIA FLYERS vs ST. LOUIS BLUES - 3 Way Line),,,5.00,1.77,N,N,Bet Ticket: #86427869  Placed: 01/15/2020  [78322] BLUES 1.77 (PHILADELPHIA FLYERS vs ST. LOUIS BLUES - 3 Way Line) LOSE  Risk: $5.00 LOSE  Win: $  0.00
01/15/2020,MyBookie,,INDIANA PACERS -4½,,,,,,,5.00,1.91,Y,Y,Bet Ticket: #86426348  Placed: 01/15/2020  STRAIGHT BET (FP)  [507] INDIANA PACERS -4½ 1.91 WIN  Risk: $0.00 WIN  Win: $  4.55
01/15/2020,MyBookie,,CHICAGO BULLS -4½,,,,,,,5.00,1.91,Y,Y,Bet Ticket: #86426513  Placed: 01/15/2020  STRAIGHT BET (FP)  [512] CHICAGO BULLS -4½ 1.91 WIN  Risk: $0.00 WIN  Win: $  4.55
01/15/2020,MyBookie,,PENN STATE +2½,,,,,,,5.00,1.91,Y,N,Bet Ticket: #86428699  Placed: 01/15/2020  STRAIGHT BET (FP)  [847] PENN STATE +2½ 1.91 LOSE  Risk: $0.00 LOSE  Win: $  0.00
01/15/2020,MyBookie,,CHARLOTTE HORNETS +12,,,,,,,5.00,1.91,Y,N,Bet Ticket: #86426746  Placed: 01/15/2020  STRAIGHT BET (FP)  [513] CHARLOTTE HORNETS +12 1.91 LOSE  Risk: $0.00 LOSE  Win: $  0.00
01/15/2020,MyBookie,,"VEKIC, DONNA",,,,"(YASTREMSKA, DAYANA vrs VEKIC, DONNA) (Yastremska, Dayana vs Vekic, Donna)",,,5.00,3.00,Y,N,"Bet Ticket: #86428407  Placed: 01/15/2020  STRAIGHT BET (FP)  [1030846] VEKIC, DONNA 3.00 (YASTREMSKA, DAYANA vrs VEKIC, DONNA) (Yastremska, Dayana vs Vekic, Donna) LOSE  Risk: $0.00 LOSE  Win: $  0.00"
01/15/2020,MyBookie,,HOUSTON ROCKETS -8½,,,,,,,5.00,1.87,N,N,Bet Ticket: #86431023  Placed: 01/15/2020  STRAIGHT BET  [516] HOUSTON ROCKETS -8½ 1.87 LOSE  Risk: $5.00 LOSE  Win: $  0.00
01/15/2020,MyBookie,,STANFORD -1,,,,,,,5.00,1.95,Y,Y,Bet Ticket: #86428695  Placed: 01/15/2020  STRAIGHT BET (FP)  [857] STANFORD -1 1.95 WIN  Risk: $0.00 WIN  Win: $  4.76
01/15/2020,MyBookie,,VIRGINIA CAVALIERS +9½,,,,(Virginia Cavaliers vs Florida State Seminoles),,,5.00,1.80,Y,Y,Bet Ticket: #86428698  Placed: 01/15/2020  STRAIGHT BET (FP)  [1040465] VIRGINIA CAVALIERS +9½ 1.80 (Virginia Cavaliers vs Florida State Seminoles) WIN  Risk: $0.00 WIN  Win: $  4.00
01/15/2020,MyBookie,,BOSTON CELTICS +2½,,,,(Detroit Pistons vs Boston Celtics),,,5.00,1.85,Y,N,Bet Ticket: #86433240  Placed: 01/15/2020  STRAIGHT BET (FP)  [1030568] BOSTON CELTICS +2½ 1.85 (Detroit Pistons vs Boston Celtics) LOSE  Risk: $0.00 LOSE  Win: $  0.00
01/15/2020,MyBookie,,PHILADELPHIA 76ERS +1½,,,,(Brooklyn Nets vs Philadelphia 76ers),,,5.00,1.85,Y,Y,Bet Ticket: #86430716  Placed: 01/15/2020  STRAIGHT BET (FP)  [1029810] PHILADELPHIA 76ERS +1½ 1.85 (Brooklyn Nets vs Philadelphia 76ers) WIN  Risk: $0.00 WIN  Win: $  4.27
01/15/2020,MyBookie,,DALLAS MAVERICKS -4½,,,,,,,5.00,1.91,Y,N,Bet Ticket: #86426514  Placed: 01/15/2020  STRAIGHT BET (FP)  [517] DALLAS MAVERICKS -4½ 1.91 LOSE  Risk: $0.00 LOSE  Win: $  0.00
01/15/2020,MyBookie,,DALLAS MAVERICKS -4½,,,,,,,5.00,1.91,Y,N,Bet Ticket: #86426747  Placed: 01/15/2020  STRAIGHT BET (FP)  [517] DALLAS MAVERICKS -4½ 1.91 LOSE  Risk: $0.00 LOSE  Win: $  0.00
01/15/2020,MyBookie,,INDIANA PACERS -½,,,,(Indiana Pacers vs Minnesota Timberwolves),,,5.00,1.85,Y,Y,Bet Ticket: #86433174  Placed: 01/15/2020  STRAIGHT BET (FP)  [1030555] INDIANA PACERS -½ 1.85 (Indiana Pacers vs Minnesota Timberwolves) WIN  Risk: $0.00 WIN  Win: $  4.27
01/15/2020,MyBookie,,OKLAHOMA CITY THUNDER +19½,,,,(Toronto Raptors vs Oklahoma City Thunder),,,5.00,1.90,N,Y,Bet Ticket: #86435600  Placed: 01/15/2020  STRAIGHT BET  [1030576] OKLAHOMA CITY THUNDER +19½ 1.90 (Toronto Raptors vs Oklahoma City Thunder) WIN  Risk: $5.00 WIN  Win: $  4.50
01/15/2020,MyBookie,,TOTAL u225½,,,,(PORTLAND TRAIL BLAZERS vrs HOUSTON ROCKETS) (Portland Trail Blazers vs Houston Rockets),,,5.00,1.85,Y,Y,Bet Ticket: #86447943  Placed: 01/15/2020  STRAIGHT BET (FP)  [1030584] TOTAL u225½ 1.85 (PORTLAND TRAIL BLAZERS vrs HOUSTON ROCKETS) (Portland Trail Blazers vs Houston Rockets) WIN  Risk: $0.00 WIN  Win: $  4.27
01/15/2020,MyBookie,,LOS ANGELES LAKERS +2½,,,,(Orlando Magic vs Los Angeles Lakers),,,5.00,1.85,Y,Y,Bet Ticket: #86447488  Placed: 01/15/2020  STRAIGHT BET (FP)  [1030560] LOS ANGELES LAKERS +2½ 1.85 (Orlando Magic vs Los Angeles Lakers) WIN  Risk: $0.00 WIN  Win: $  4.27
01/15/2020,MyBookie,,LOS ANGELES LAKERS +4½,,,,(Orlando Magic vs Los Angeles Lakers),,,5.00,1.90,Y,Y,Bet Ticket: #86447548  Placed: 01/15/2020  STRAIGHT BET (FP)  [1030560] LOS ANGELES LAKERS +4½ 1.90 (Orlando Magic vs Los Angeles Lakers) WIN  Risk: $0.00 WIN  Win: $  4.50
01/15/2020,MyBookie,,LOS ANGELES LAKERS,,,,(Orlando Magic vs Los Angeles Lakers),,,5.00,3.25,N,N,Bet Ticket: #86447759  Placed: 01/15/2020  STRAIGHT BET  [1030560] LOS ANGELES LAKERS 3.25 (Orlando Magic vs Los Angeles Lakers) LOSE  Risk: $5.00 LOSE  Win: $  0.00
01/15/2020,MyBookie,,CHARLOTTE HORNETS +17½,,,,(Charlotte Hornets vs Denver Nuggets),,,5.00,1.75,N,Y,Bet Ticket: #86444792  Placed: 01/15/2020  STRAIGHT BET  [1030113] CHARLOTTE HORNETS +17½ 1.75 (Charlotte Hornets vs Denver Nuggets) WIN  Risk: $5.00 WIN  Win: $  3.76
01/15/2020,MyBookie,,"PAIRE, BENOIT",,,,"(PAIRE, BENOIT vrs MILLMAN, JOHN) (Paire, Benoit vs Millman, John)",,,5.00,1.97,Y,Y,"Bet Ticket: #86428409  Placed: 01/15/2020  STRAIGHT BET (FP)  [7158573] PAIRE, BENOIT 1.97 (PAIRE, BENOIT vrs MILLMAN, JOHN) (Paire, Benoit vs Millman, John) WIN  Risk: $0.00 WIN  Win: $  4.85"
01/16/2020,MyBookie,,"JUNG, JASON",,,,"(JUNG, JASON vrs GALAN, DANIEL ELAHI) (Jung, Jason vs Galan, Daniel Elahi)",,,5.00,1.78,N,N,"Bet Ticket: #86452099  Placed: 01/16/2020  STRAIGHT BET  [7127763] JUNG, JASON 1.78 (JUNG, JASON vrs GALAN, DANIEL ELAHI) (Jung, Jason vs Galan, Daniel Elahi) LOSE  Risk: $5.00 LOSE  Win: $  0.00"
01/16/2020,MyBookie,,"BARTY, ASHLEIGH",,,,"(VONDROUSOVA, MARKETA vrs BARTY, ASHLEIGH) (Vondrousova, Marketa vs Barty, Ashleigh)",,,5.00,1.52,N,Y,"Bet Ticket: #86452100  Placed: 01/16/2020  STRAIGHT BET  [7157888] BARTY, ASHLEIGH 1.52 (VONDROUSOVA, MARKETA vrs BARTY, ASHLEIGH) (Vondrousova, Marketa vs Barty, Ashleigh) WIN  Risk: $5.00 WIN  Win: $  2.60"
01/16/2020,MyBookie,,AMUR KHABAROVSK PK,,,,(Regulation Time Only (60 Minutes)),,,5.00,2.10,Y,PU,Bet Ticket: #86453106  Placed: 01/16/2020  STRAIGHT BET (FP)  [303404] AMUR KHABAROVSK PK 2.10 (Regulation Time Only (60 Minutes)) PUSH  Risk: $0.00 PUSH  Win: $  0.00
01/16/2020,MyBookie,,"AUGER-ALIASSIME, FELIX",,,,"(AUGER-ALIASSIME, FELIX vrs BOLT, ALEX) (Auger-Aliassime, Felix vs Bolt, Alex)",,,5.00,1.49,N,Y,"Bet Ticket: #86452101  Placed: 01/16/2020  STRAIGHT BET  [7158493] AUGER-ALIASSIME, FELIX 1.49 (AUGER-ALIASSIME, FELIX vrs BOLT, ALEX) (Auger-Aliassime, Felix vs Bolt, Alex) WIN  Risk: $5.00 WIN  Win: $  2.45"
01/15/2020,MyBookie,,TOTAL o5,,,,(JOKERIT vrs SKA ST. PETERSBURG) (Regulation Time Only (60 Minutes)),,,5.00,2.05,Y,PU,Bet Ticket: #86402286  Placed: 01/15/2020  STRAIGHT BET (FP)  [303419] TOTAL o5 2.05 (JOKERIT vrs SKA ST. PETERSBURG) (Regulation Time Only (60 Minutes)) PUSH  Risk: $0.00 PUSH  Win: $  0.00
01/16/2020,MyBookie,,RC DEPORTIVO LA CORUNA -½,,,,(Racing Santander vs RC Deportivo La Coruna),,,5.00,1.93,Y,Y,Bet Ticket: #86454524  Placed: 01/16/2020  STRAIGHT BET (FP)  [7035188] RC DEPORTIVO LA CORUNA -½ 1.93 (Racing Santander vs RC Deportivo La Coruna) WIN  Risk: $0.00 WIN  Win: $  4.63
01/16/2020,MyBookie,,1,,,,(Racing Santander vs RC Deportivo La Coruna - RC Deportivo La Coruna exact goals),,,5.00,2.43,Y,N,Bet Ticket: #86454525  Placed: 01/16/2020  (FP)  [7035328] 1 2.43 (Racing Santander vs RC Deportivo La Coruna - RC Deportivo La Coruna exact goals) LOSE  Risk: $0.00 LOSE  Win: $  0.00
01/16/2020,MyBookie,,0,,,,(Racing Santander vs RC Deportivo La Coruna - Racing Santander exact goals),,,5.00,1.93,Y,N,Bet Ticket: #86454526  Placed: 01/16/2020  (FP)  [7035421] 0 1.93 (Racing Santander vs RC Deportivo La Coruna - Racing Santander exact goals) LOSE  Risk: $0.00 LOSE  Win: $  0.00
01/16/2020,MyBookie,,EXTREMADURA UD +1,,,,(Extremadura UD vs Girona FC),,,5.00,1.78,N,N,Bet Ticket: #86454561  Placed: 01/16/2020  STRAIGHT BET  [7029697] EXTREMADURA UD +1 1.78 (Extremadura UD vs Girona FC) LOSE  Risk: $5.00 LOSE  Win: $  0.00
01/15/2020,MyBookie,,UD ALMERIA,,,,(Real Oviedo vs UD Almeria),,,6.00,1.84,N,Y,Bet Ticket: #86365082  Placed: 01/15/2020  STRAIGHT BET  [7035476] UD ALMERIA 1.84 (Real Oviedo vs UD Almeria) WIN  Risk: $6.00 WIN  Win: $  5.04
01/15/2020,MyBookie,,UD ALMERIA,,,,(Real Oviedo vs UD Almeria - 1st Half),,,5.00,2.39,Y,N,Bet Ticket: #86429131  Placed: 01/15/2020  STRAIGHT BET (FP)  [7035554] UD ALMERIA 2.39 (Real Oviedo vs UD Almeria - 1st Half) LOSE  Risk: $0.00 LOSE  Win: $  0.00
01/15/2020,MyBookie,,UD ALMERIA,,,,(Real Oviedo vs UD Almeria),,,5.00,1.79,N,Y,Bet Ticket: #86429169  Placed: 01/15/2020  STRAIGHT BET  [7035476] UD ALMERIA 1.79 (Real Oviedo vs UD Almeria) WIN  Risk: $5.00 WIN  Win: $  3.97
01/16/2020,MyBookie,,TOTAL o2¼,,,,(REAL OVIEDO vrs UD ALMERIA) (Real Oviedo vs UD Almeria),,,5.00,1.84,Y,N,Bet Ticket: #86454527  Placed: 01/16/2020  STRAIGHT BET (FP)  [7035475] TOTAL o2¼ 1.84 (REAL OVIEDO vrs UD ALMERIA) (Real Oviedo vs UD Almeria) Lose By ¾  Risk: $0.00 Lose By ¾  Win: $  0.00
01/16/2020,MyBookie,,YES,,,,(NO vrs YES) (Real Oviedo vs UD Almeria - Both teams to score),,,5.00,2.02,Y,N,Bet Ticket: #86454528  Placed: 01/16/2020  STRAIGHT BET (FP)  [7035684] YES 2.02 (NO vrs YES) (Real Oviedo vs UD Almeria - Both teams to score) LOSE  Risk: $0.00 LOSE  Win: $  0.00
01/16/2020,MyBookie,,TOTAL o2¾,,,,(AS ROMA vrs PARMA CALCIO 1913 S.R.L.) (AS Roma vs Parma Calcio 1913 S.r.l.),,,5.00,1.84,N,N,Bet Ticket: #86452819  Placed: 01/16/2020  STRAIGHT BET  [7012787] TOTAL o2¾ 1.84 (AS ROMA vrs PARMA CALCIO 1913 S.R.L.) (AS Roma vs Parma Calcio 1913 S.r.l.) LOSE  Risk: $5.00 LOSE  Win: $  0.00
01/16/2020,MyBookie,,WILLIAM & MARY +1,,,,,,,5.00,1.91,Y,Y,Bet Ticket: #86452538  Placed: 01/16/2020  STRAIGHT BET (FP)  [625] WILLIAM & MARY +1 1.91 WIN  Risk: $0.00 WIN  Win: $  4.55
01/16/2020,MyBookie,,TOTAL o146,,,,(WILLIAM & MARY vrs DELAWARE),,,5.00,1.91,Y,N,Bet Ticket: #86460526  Placed: 01/16/2020  STRAIGHT BET (FP)  [625] TOTAL o146 1.91 (WILLIAM & MARY vrs DELAWARE) LOSE  Risk: $0.00 LOSE  Win: $  0.00
01/16/2020,MyBookie,,CINCINNATI +4½ 1.91 LOSE  [630] TOTAL u141½,,,,(CINCINNATI vrs MEMPHIS),,,5.00,1.91,N,Y,Bet Ticket: #86460468  Placed: 01/16/2020  PARLAY (2 TEAMS)  [629] CINCINNATI +4½ 1.91 LOSE  [630] TOTAL u141½ 1.91 (CINCINNATI vrs MEMPHIS) WIN  Risk: $5.00 LOSE  Win: $  0.00
01/16/2020,MyBookie,,MEMPHIS -4½ 1.91 WIN  [629] TOTAL o141½,,,,(CINCINNATI vrs MEMPHIS),,,5.00,1.91,N,N,Bet Ticket: #86460507  Placed: 01/16/2020  PARLAY (2 TEAMS)  [630] MEMPHIS -4½ 1.91 WIN  [629] TOTAL o141½ 1.91 (CINCINNATI vrs MEMPHIS) LOSE  Risk: $5.00 LOSE  Win: $  0.00
01/16/2020,MyBookie,,FLORIDA ATLANTIC -8,,,,,,,5.00,1.91,Y,N,Bet Ticket: #86490439  Placed: 01/16/2020  STRAIGHT BET (FP)  [614] FLORIDA ATLANTIC -8 1.91 LOSE  Risk: $0.00 LOSE  Win: $  0.00
01/16/2020,MyBookie,,FLORIDA PANTHERS,,,,,,,5.00,1.56,N,Y,Bet Ticket: #86490470  Placed: 01/16/2020  STRAIGHT BET  [38] FLORIDA PANTHERS 1.56 WIN  Risk: $5.00 WIN  Win: $  2.78
01/16/2020,MyBookie,,FLORIDA PANTHERS -1½,,,,,,,5.00,2.35,Y,N,Bet Ticket: #86493329  Placed: 01/16/2020  STRAIGHT BET (FP)  [38] FLORIDA PANTHERS -1½ 2.35 LOSE  Risk: $0.00 LOSE  Win: $  0.00
01/16/2020,MyBookie,,CAROLINA HURRICANES,,,,,,,5.00,1.77,Y,N,Bet Ticket: #86493326  Placed: 01/16/2020  STRAIGHT BET (FP)  [35] CAROLINA HURRICANES 1.77 LOSE  Risk: $0.00 LOSE  Win: $  0.00
01/16/2020,MyBookie,,TOTAL o6½,,,,(CALGARY FLAMES vrs TORONTO MAPLE LEAFS),,,5.00,1.87,N,N,Bet Ticket: #86489922  Placed: 01/16/2020  STRAIGHT BET  [39] TOTAL o6½ 1.87 (CALGARY FLAMES vrs TORONTO MAPLE LEAFS) LOSE  Risk: $5.00 LOSE  Win: $  0.00
01/16/2020,MyBookie,,NEW YORK ISLANDERS -1½,,,,,,,5.00,2.50,Y,N,Bet Ticket: #86493327  Placed: 01/16/2020  STRAIGHT BET (FP)  [30] NEW YORK ISLANDERS -1½ 2.50 LOSE  Risk: $0.00 LOSE  Win: $  0.00
01/16/2020,MyBookie,,BOSTON BRUINS,,,,,,,5.00,1.80,N,Y,Bet Ticket: #86490471  Placed: 01/16/2020  STRAIGHT BET  [32] BOSTON BRUINS 1.80 WIN  Risk: $5.00 WIN  Win: $  4.00
01/16/2020,MyBookie,,"YASTREMSKA, DAYANA",,,,"(SABALENKA, ARYNA vrs YASTREMSKA, DAYANA) (Sabalenka, Aryna vs Yastremska, Dayana)",,,5.00,1.99,Y,Y,"Bet Ticket: #86487258  Placed: 01/16/2020  STRAIGHT BET (FP)  [7195128] YASTREMSKA, DAYANA 1.99 (SABALENKA, ARYNA vrs YASTREMSKA, DAYANA) (Sabalenka, Aryna vs Yastremska, Dayana) WIN  Risk: $0.00 WIN  Win: $  4.95"
01/16/2020,MyBookie,,PHOENIX SUNS -3,,,,,,,5.00,1.95,Y,Y,Bet Ticket: #86490956  Placed: 01/16/2020  STRAIGHT BET (FP)  [521] PHOENIX SUNS -3 1.95 WIN  Risk: $0.00 WIN  Win: $  4.76
01/16/2020,MyBookie,,ORAL ROBERTS -7½,,,,,,,5.00,1.91,Y,Y,Bet Ticket: #86490437  Placed: 01/16/2020  STRAIGHT BET (FP)  [635] ORAL ROBERTS -7½ 1.91 WIN  Risk: $0.00 WIN  Win: $  4.55
01/16/2020,MyBookie,,DUCKS,,,,(ANAHEIM DUCKS vs NASHVILLE PREDATORS - 3 Way Line),,,5.00,4.20,Y,Y,Bet Ticket: #86493332  Placed: 01/16/2020  (FP)  [78483] DUCKS 4.20 (ANAHEIM DUCKS vs NASHVILLE PREDATORS - 3 Way Line) WIN  Risk: $0.00 WIN  Win: $  16.00
01/16/2020,MyBookie,,BOSTON CELTICS +10½,,,,,,,5.00,1.91,Y,Y,Bet Ticket: #86490957  Placed: 01/16/2020  STRAIGHT BET (FP)  [523] BOSTON CELTICS +10½ 1.91 WIN  Risk: $0.00 WIN  Win: $  4.55
01/16/2020,MyBookie,,NEW ORLEANS PELICANS +5½,,,,,,,5.00,1.87,Y,Y,Bet Ticket: #86490577  Placed: 01/16/2020  STRAIGHT BET (FP)  [526] NEW ORLEANS PELICANS +5½ 1.87 WIN  Risk: $0.00 WIN  Win: $  4.35
01/16/2020,MyBookie,,SABRES,,,,(BUFFALO SABRES vs DALLAS STARS - 3 Way Line),,,5.00,4.25,Y,Y,Bet Ticket: #86493330  Placed: 01/16/2020  (FP)  [78519] SABRES 4.25 (BUFFALO SABRES vs DALLAS STARS - 3 Way Line) WIN  Risk: $0.00 WIN  Win: $  16.25
01/16/2020,MyBookie,,WASHINGTON STATE +9½,,,,,,,5.00,1.91,Y,Y,Bet Ticket: #86492745  Placed: 01/16/2020  STRAIGHT BET (FP)  [674] WASHINGTON STATE +9½ 1.91 WIN  Risk: $0.00 WIN  Win: $  4.55
01/16/2020,MyBookie,,COLORADO PK,,,,,,,5.00,1.95,Y,Y,Bet Ticket: #86490438  Placed: 01/16/2020  STRAIGHT BET (FP)  [675] COLORADO PK 1.95 WIN  Risk: $0.00 WIN  Win: $  4.76
01/16/2020,MyBookie,,NEW YORK KNICKS +14½,,,,(Phoenix Suns vs New York Knicks),,,5.00,1.85,N,N,Bet Ticket: #86516746  Placed: 01/16/2020  STRAIGHT BET  [1049198] NEW YORK KNICKS +14½ 1.85 (Phoenix Suns vs New York Knicks) LOSE  Risk: $5.00 LOSE  Win: $  0.00
01/16/2020,MyBookie,,NEW YORK KNICKS +23½,,,,(Phoenix Suns vs New York Knicks),,,5.00,1.85,N,Y,Bet Ticket: #86517183  Placed: 01/16/2020  STRAIGHT BET  [1049198] NEW YORK KNICKS +23½ 1.85 (Phoenix Suns vs New York Knicks) WIN  Risk: $5.00 WIN  Win: $  4.27
01/16/2020,MyBookie,,DENVER NUGGETS -4,,,,,,,5.00,1.95,Y,N,Bet Ticket: #86490958  Placed: 01/16/2020  STRAIGHT BET (FP)  [529] DENVER NUGGETS -4 1.95 LOSE  Risk: $0.00 LOSE  Win: $  0.00
01/16/2020,MyBookie,,BOSTON CELTICS +19½,,,,(Boston Celtics vs Milwaukee Bucks),,,5.00,1.90,Y,Y,Bet Ticket: #86513203  Placed: 01/16/2020  STRAIGHT BET (FP)  [1049189] BOSTON CELTICS +19½ 1.90 (Boston Celtics vs Milwaukee Bucks) WIN  Risk: $0.00 WIN  Win: $  4.50
01/16/2020,MyBookie,,BOSTON CELTICS +24½,,,,(Boston Celtics vs Milwaukee Bucks),,,5.00,1.85,Y,Y,Bet Ticket: #86514115  Placed: 01/16/2020  STRAIGHT BET (FP)  [1049189] BOSTON CELTICS +24½ 1.85 (Boston Celtics vs Milwaukee Bucks) WIN  Risk: $0.00 WIN  Win: $  4.27
01/16/2020,MyBookie,,ORLANDO MAGIC +18½,,,,(Orlando Magic vs Los Angeles Clippers),,,5.00,1.85,N,N,Bet Ticket: #86524745  Placed: 01/16/2020  STRAIGHT BET  [1049181] ORLANDO MAGIC +18½ 1.85 (Orlando Magic vs Los Angeles Clippers) LOSE  Risk: $5.00 LOSE  Win: $  0.00
01/16/2020,MyBookie,,DENVER NUGGETS -1½,,,,(Denver Nuggets vs Golden State Warriors),,,5.00,1.80,N,Y,Bet Ticket: #86522192  Placed: 01/16/2020  STRAIGHT BET  [1049193] DENVER NUGGETS -1½ 1.80 (Denver Nuggets vs Golden State Warriors) WIN  Risk: $5.00 WIN  Win: $  4.00
01/16/2020,MyBookie,,DENVER NUGGETS +9½,,,,(Denver Nuggets vs Golden State Warriors),,,5.00,1.80,N,Y,Bet Ticket: #86523513  Placed: 01/16/2020  STRAIGHT BET  [1049193] DENVER NUGGETS +9½ 1.80 (Denver Nuggets vs Golden State Warriors) WIN  Risk: $5.00 WIN  Win: $  4.00
01/15/2020,MyBookie,,TOTAL u179½,,,,(SYDNEY vrs NEW ZEALAND BREAKERS),,,5.00,1.91,Y,Y,Bet Ticket: #86373572  Placed: 01/15/2020  STRAIGHT BET (FP)  [300146] TOTAL u179½ 1.91 (SYDNEY vrs NEW ZEALAND BREAKERS) WIN  Risk: $0.00 WIN  Win: $  4.55
01/16/2020,MyBookie,,"WATSON, HEATHER",,,,"(RYBAKINA, ELENA vrs WATSON, HEATHER) (Rybakina, Elena vs Watson, Heather)",,,5.00,2.54,Y,N,"Bet Ticket: #86487259  Placed: 01/16/2020  STRAIGHT BET (FP)  [7203928] WATSON, HEATHER 2.54 (RYBAKINA, ELENA vrs WATSON, HEATHER) (Rybakina, Elena vs Watson, Heather) LOSE  Risk: $0.00 LOSE  Win: $  0.00"
01/17/2020,MyBookie,,HNK RIJEKA -2,,,,(Budafoki Mte vs HNK Rijeka),,,5.00,2.06,N,N,Bet Ticket: #86531047  Placed: 01/17/2020  STRAIGHT BET  [7228144] HNK RIJEKA -2 2.06 (Budafoki Mte vs HNK Rijeka) LOSE  Risk: $5.00 LOSE  Win: $  0.00
01/17/2020,MyBookie,,BENGALURU FC,,,,(Bengaluru FC vs Mumbai City FC),,,5.00,2.27,N,N,Bet Ticket: #86530793  Placed: 01/17/2020  STRAIGHT BET  [7151715] BENGALURU FC 2.27 (Bengaluru FC vs Mumbai City FC) LOSE  Risk: $5.00 LOSE  Win: $  0.00
01/17/2020,MyBookie,,CSKA MOSCOW -10,,,,,,,5.00,1.91,N,N,Bet Ticket: #86529202  Placed: 01/17/2020  STRAIGHT BET  [305902] CSKA MOSCOW -10 1.91 LOSE  Risk: $5.00 LOSE  Win: $  0.00
01/16/2020,MyBookie,,TOTAL o1½,,,,(FC UTRECHT vrs FC UTRECHT) (FC Utrecht vs PEC Zwolle - FC Utrecht total),,,5.00,1.70,Y,Y,Bet Ticket: #86488851  Placed: 01/16/2020  STRAIGHT BET (FP)  [7004091] TOTAL o1½ 1.70 (FC UTRECHT vrs FC UTRECHT) (FC Utrecht vs PEC Zwolle - FC Utrecht total) WIN  Risk: $0.00 WIN  Win: $  3.52
01/16/2020,MyBookie,,YES,,,,(NO vrs YES) (AZ Alkmaar vs NAC Breda - Both teams to score),,,5.00,1.79,Y,Y,Bet Ticket: #86488854  Placed: 01/16/2020  STRAIGHT BET (FP)  [7070142] YES 1.79 (NO vrs YES) (AZ Alkmaar vs NAC Breda - Both teams to score) WIN  Risk: $0.00 WIN  Win: $  3.97
01/17/2020,MyBookie,,PEC ZWOLLE +½,,,,(FC Utrecht vs PEC Zwolle),,,5.00,1.80,N,Y,Bet Ticket: #86531362  Placed: 01/17/2020  STRAIGHT BET  [7004012] PEC ZWOLLE +½ 1.80 (FC Utrecht vs PEC Zwolle) WIN  Risk: $5.00 WIN  Win: $  4.00
01/17/2020,MyBookie,,YES,,,,(NO vrs YES) (Standard Liege vs Yellow-Red KV Mechelen - Both teams to score),,,5.00,1.62,N,Y,Bet Ticket: #86531038  Placed: 01/17/2020  STRAIGHT BET  [7010458] YES 1.62 (NO vrs YES) (Standard Liege vs Yellow-Red KV Mechelen - Both teams to score) WIN  Risk: $5.00 WIN  Win: $  3.11
01/15/2020,MyBookie,,4-6,,,,(Stranraer FC vs Rangers FC - Goal range),,,5.00,1.75,N,N,Bet Ticket: #86370521  Placed: 01/15/2020  [7138819] 4-6 1.75 (Stranraer FC vs Rangers FC - Goal range) LOSE  Risk: $5.00 LOSE  Win: $  0.00
01/16/2020,MyBookie,,CD LEGANES DRAW,,,,(CF Getafe vs CD Leganes),,,5.00,2.75,Y,N,Bet Ticket: #86488853  Placed: 01/16/2020  STRAIGHT BET (FP)  [7006779] CD LEGANES DRAW 2.75 (CF Getafe vs CD Leganes) LOSE  Risk: $0.00 LOSE  Win: $  0.00
01/17/2020,MyBookie,,FUENLABRADA DRAW,,,,(Malaga CF vs Fuenlabrada),,,5.00,2.75,N,Y,Bet Ticket: #86531039  Placed: 01/17/2020  STRAIGHT BET  [7162233] FUENLABRADA DRAW 2.75 (Malaga CF vs Fuenlabrada) WIN  Risk: $5.00 WIN  Win: $  8.75
01/17/2020,MyBookie,,SL BENFICA,,,,(Sl Benfica vs Sporting CP),,,5.00,1.93,N,Y,Bet Ticket: #86534022  Placed: 01/17/2020  STRAIGHT BET  [7065777] SL BENFICA 1.93 (Sl Benfica vs Sporting CP) WIN  Risk: $5.00 WIN  Win: $  4.63
01/17/2020,MyBookie,,DAYTON -7,,,,,,,5.50,1.95,N,N,Bet Ticket: #86571807  Placed: 01/17/2020  STRAIGHT BET  [857] DAYTON -7 1.95 LOSE  Risk: $5.50 LOSE  Win: $  0.00
01/17/2020,MyBookie,,1H TORONTO RAPTORS -6,,,,,,,5.50,1.91,N,Y,Bet Ticket: #86571808  Placed: 01/17/2020  STRAIGHT BET  [1534] 1H TORONTO RAPTORS -6 1.91 WIN  Risk: $5.50 WIN  Win: $  5.00
01/17/2020,MyBookie,,TORONTO RAPTORS -10½,,,,,,,5.50,1.91,N,Y,Bet Ticket: #86571809  Placed: 01/17/2020  STRAIGHT BET  [534] TORONTO RAPTORS -10½ 1.91 WIN  Risk: $5.50 WIN  Win: $  5.00
01/17/2020,MyBookie,,TOTAL o6,,,,(PITTSBURGH PENGUINS vrs DETROIT RED WINGS),,,5.50,1.91,N,N,Bet Ticket: #86572077  Placed: 01/17/2020  STRAIGHT BET  [55] TOTAL o6 1.91 (PITTSBURGH PENGUINS vrs DETROIT RED WINGS) LOSE  Risk: $5.50 LOSE  Win: $  0.00
01/17/2020,MyBookie,,1H MEMPHIS GRIZZLIES -5,,,,,,,5.50,1.91,N,N,Bet Ticket: #86571805  Placed: 01/17/2020  STRAIGHT BET  [1540] 1H MEMPHIS GRIZZLIES -5 1.91 LOSE  Risk: $5.50 LOSE  Win: $  0.00
01/17/2020,MyBookie,,TOTAL o230½,,,,(CLEVELAND CAVALIERS vrs MEMPHIS GRIZZLIES),,,5.50,1.91,N,N,Bet Ticket: #86578288  Placed: 01/17/2020  STRAIGHT BET  [539] TOTAL o230½ 1.91 (CLEVELAND CAVALIERS vrs MEMPHIS GRIZZLIES) LOSE  Risk: $5.50 LOSE  Win: $  0.00
01/17/2020,MyBookie,,MIAMI HEAT +1½,,,,,,,5.50,1.91,N,Y,Bet Ticket: #86571806  Placed: 01/17/2020  STRAIGHT BET  [537] MIAMI HEAT +1½ 1.91 WIN  Risk: $5.50 WIN  Win: $  5.00
01/17/2020,MyBookie,,MEMPHIS GRIZZLIES -9½,,,,,,,5.50,1.91,N,N,Bet Ticket: #86578514  Placed: 01/17/2020  STRAIGHT BET  [540] MEMPHIS GRIZZLIES -9½ 1.91 LOSE  Risk: $5.50 LOSE  Win: $  0.00
01/17/2020,MyBookie,,TOTAL o216,,,,(MIAMI HEAT vrs OKLAHOMA CITY THUNDER),,,5.50,1.91,N,Y,Bet Ticket: #86577670  Placed: 01/17/2020  STRAIGHT BET  [537] TOTAL o216 1.91 (MIAMI HEAT vrs OKLAHOMA CITY THUNDER) WIN  Risk: $5.50 WIN  Win: $  5.00
01/17/2020,MyBookie,,TOTAL u1½,,,,(1P TAMPA BAY LIGHTNING vrs 1P WINNIPEG JETS),,,5.50,1.95,N,N,Bet Ticket: #86572072  Placed: 01/17/2020  STRAIGHT BET  [1058] TOTAL u1½ 1.95 (1P TAMPA BAY LIGHTNING vrs 1P WINNIPEG JETS) LOSE  Risk: $5.50 LOSE  Win: $  0.00
01/17/2020,MyBookie,,TOTAL u6½,,,,(TAMPA BAY LIGHTNING vrs WINNIPEG JETS),,,5.80,1.87,N,N,Bet Ticket: #86572074  Placed: 01/17/2020  STRAIGHT BET  [58] TOTAL u6½ 1.87 (TAMPA BAY LIGHTNING vrs WINNIPEG JETS) LOSE  Risk: $5.80 LOSE  Win: $  0.00
01/17/2020,MyBookie,,TAMPA BAY LIGHTNING,,,,,,,5.00,1.71,N,Y,Bet Ticket: #86572076  Placed: 01/17/2020  STRAIGHT BET  [57] TAMPA BAY LIGHTNING 1.71 WIN  Risk: $5.00 WIN  Win: $  3.57
01/17/2020,MyBookie,,"PAIRE, BENOIT",,,,"(HUMBERT, UGO vrs PAIRE, BENOIT) (Humbert, Ugo vs Paire, Benoit)",,,5.20,1.96,N,N,"Bet Ticket: #86574271  Placed: 01/17/2020  STRAIGHT BET  [7229424] PAIRE, BENOIT 1.96 (HUMBERT, UGO vrs PAIRE, BENOIT) (Humbert, Ugo vs Paire, Benoit) LOSE  Risk: $5.20 LOSE  Win: $  0.00"
01/17/2020,MyBookie,,TOTAL o230½,,,,(ATLANTA HAWKS vrs SAN ANTONIO SPURS),,,5.50,1.91,N,Y,Bet Ticket: #86578114  Placed: 01/17/2020  STRAIGHT BET  [541] TOTAL o230½ 1.91 (ATLANTA HAWKS vrs SAN ANTONIO SPURS) WIN  Risk: $5.50 WIN  Win: $  5.00
01/17/2020,MyBookie,,SAN ANTONIO SPURS -8½,,,,,,,5.50,1.91,N,N,Bet Ticket: #86571810  Placed: 01/17/2020  STRAIGHT BET  [542] SAN ANTONIO SPURS -8½ 1.91 LOSE  Risk: $5.50 LOSE  Win: $  0.00
01/17/2020,MyBookie,,WASHINGTON WIZARDS +20½,,,,(Washington Wizards vs Toronto Raptors),,,6.00,1.85,N,N,Bet Ticket: #86581118  Placed: 01/17/2020  STRAIGHT BET  [1066675] WASHINGTON WIZARDS +20½ 1.85 (Washington Wizards vs Toronto Raptors) LOSE  Risk: $6.00 LOSE  Win: $  0.00
01/17/2020,MyBookie,,DAYTON FLYERS,,,,(Dayton Flyers vs Saint Louis Billikens),,,5.00,2.04,N,Y,Bet Ticket: #86581335  Placed: 01/17/2020  STRAIGHT BET  [1078605] DAYTON FLYERS 2.04 (Dayton Flyers vs Saint Louis Billikens) WIN  Risk: $5.00 WIN  Win: $  5.20
01/17/2020,MyBookie,,SAN ANTONIO SPURS -3½,,,,(Atlanta Hawks vs San Antonio Spurs),,,6.00,1.90,N,N,Bet Ticket: #86586927  Placed: 01/17/2020  STRAIGHT BET  [1066684] SAN ANTONIO SPURS -3½ 1.90 (Atlanta Hawks vs San Antonio Spurs) LOSE  Risk: $6.00 LOSE  Win: $  0.00
01/17/2020,MyBookie,,MEMPHIS GRIZZLIES -4½,,,,(Cleveland Cavaliers vs Memphis Grizzlies),,,6.00,1.85,N,N,Bet Ticket: #86586538  Placed: 01/17/2020  STRAIGHT BET  [1066680] MEMPHIS GRIZZLIES -4½ 1.85 (Cleveland Cavaliers vs Memphis Grizzlies) LOSE  Risk: $6.00 LOSE  Win: $  0.00
01/17/2020,MyBookie,,OKLAHOMA CITY THUNDER +9½,,,,(Miami Heat vs Oklahoma City Thunder),,,6.00,1.80,N,Y,Bet Ticket: #86583628  Placed: 01/17/2020  STRAIGHT BET  [1066688] OKLAHOMA CITY THUNDER +9½ 1.80 (Miami Heat vs Oklahoma City Thunder) WIN  Risk: $6.00 WIN  Win: $  4.80
01/16/2020,MyBookie,,CLAUDIA GADELHA,,,,(ALEXA GRASSO vrs CLAUDIA GADELHA),,,5.00,1.87,N,R,Bet Ticket: #86496874  Placed: 01/16/2020  STRAIGHT BET  [24110] CLAUDIA GADELHA 1.87 (ALEXA GRASSO vrs CLAUDIA GADELHA) N/A CANCEL  Risk: $5.00 NO BET  Win: $  0.00
01/17/2020,MyBookie,,TOTAL o3,,,,(WELLINGTON PHOENIX FC vrs BRISBANE ROAR FC) (Wellington Phoenix FC vs Brisbane Roar FC),,,5.60,1.89,N,N,Bet Ticket: #86591194  Placed: 01/17/2020  STRAIGHT BET  [7046799] TOTAL o3 1.89 (WELLINGTON PHOENIX FC vrs BRISBANE ROAR FC) (Wellington Phoenix FC vs Brisbane Roar FC) LOSE  Risk: $5.60 LOSE  Win: $  0.00
01/17/2020,MyBookie,,TOTAL o3¼,,,,(NEWCASTLE UNITED JETS FC vrs MELBOURNE CITY FC) (Newcastle United Jets FC vs Melbourne City FC),,,5.30,1.94,N,N,Bet Ticket: #86591195  Placed: 01/17/2020  STRAIGHT BET  [7046807] TOTAL o3¼ 1.94 (NEWCASTLE UNITED JETS FC vrs MELBOURNE CITY FC) (Newcastle United Jets FC vs Melbourne City FC) LOSE  Risk: $5.30 LOSE  Win: $  0.00
01/15/2020,MyBookie,,ACADEMICA COIMBRA PK,,,,(Academica Coimbra vs GD Estoril Praia),,,5.00,2.10,Y,N,Bet Ticket: #86401973  Placed: 01/15/2020  STRAIGHT BET (FP)  [7107107] ACADEMICA COIMBRA PK 2.10 (Academica Coimbra vs GD Estoril Praia) LOSE  Risk: $0.00 LOSE  Win: $  0.00
01/17/2020,MyBookie,,TOTAL u2½,,,,(DEPORTIVO ALAVES SAD vrs UD LEVANTE) (Deportivo Alaves Sad vs UD Levante),,,5.60,1.90,N,Y,Bet Ticket: #86591229  Placed: 01/17/2020  STRAIGHT BET  [7006770] TOTAL u2½ 1.90 (DEPORTIVO ALAVES SAD vrs UD LEVANTE) (Deportivo Alaves Sad vs UD Levante) WIN  Risk: $5.60 WIN  Win: $  5.05
01/16/2020,MyBookie,,UD LEVANTE,,,,(Deportivo Alaves Sad vs UD Levante),,,5.00,2.02,Y,N,Bet Ticket: #86488855  Placed: 01/16/2020  STRAIGHT BET (FP)  [7006770] UD LEVANTE 2.02 (Deportivo Alaves Sad vs UD Levante) LOSE  Risk: $0.00 LOSE  Win: $  0.00
01/15/2020,MyBookie,,TOTAL o3,,,,(DUMBARTON FC vrs ABERDEEN FC) (Dumbarton FC vs Aberdeen FC),,,5.00,1.81,N,N,Bet Ticket: #86370034  Placed: 01/15/2020  STRAIGHT BET  [7127727] TOTAL o3 1.81 (DUMBARTON FC vrs ABERDEEN FC) (Dumbarton FC vs Aberdeen FC) LOSE  Risk: $5.00 LOSE  Win: $  0.00
01/16/2020,MyBookie,,REAL MADRID -½,,,,(FC Sevilla vs Real Madrid - 2nd Half),,,5.00,1.89,Y,Y,Bet Ticket: #86488856  Placed: 01/16/2020  STRAIGHT BET (FP)  [7009500] REAL MADRID -½ 1.89 (FC Sevilla vs Real Madrid - 2nd Half) WIN  Risk: $0.00 WIN  Win: $  4.46
01/17/2020,MyBookie,,YES,,,,(NO vrs YES) (Blackpool vs Lincoln City - Both teams to score),,,5.10,1.98,N,N,Bet Ticket: #86574274  Placed: 01/17/2020  STRAIGHT BET  [7056674] YES 1.98 (NO vrs YES) (Blackpool vs Lincoln City - Both teams to score) LOSE  Risk: $5.10 LOSE  Win: $  0.00
01/13/2020,MyBookie,,TOTAL o2,,,,(SHREWSBURY TOWN vrs FLEETWOOD TOWN) (Shrewsbury Town vs Fleetwood Town),,,5.00,1.76,N,Y,Bet Ticket: #86247265  Placed: 01/13/2020  STRAIGHT BET  [7055681] TOTAL o2 1.76 (SHREWSBURY TOWN vrs FLEETWOOD TOWN) (Shrewsbury Town vs Fleetwood Town) WIN  Risk: $5.00 WIN  Win: $  3.82
01/17/2020,MyBookie,,ACCRINGTON STANLEY,,,,(Southend United vs Accrington Stanley),,,5.00,1.51,N,N,Bet Ticket: #86574272  Placed: 01/17/2020  STRAIGHT BET  [7058022] ACCRINGTON STANLEY 1.51 (Southend United vs Accrington Stanley) LOSE  Risk: $5.00 LOSE  Win: $  0.00
01/17/2020,MyBookie,,PORTSMOUTH FC,,,,(Portsmouth FC vs Bolton Wanderers),,,5.00,1.60,N,Y,Bet Ticket: #86574273  Placed: 01/17/2020  STRAIGHT BET  [7063419] PORTSMOUTH FC 1.60 (Portsmouth FC vs Bolton Wanderers) WIN  Risk: $5.00 WIN  Win: $  3.01
01/17/2020,MyBookie,,YES,,,,(NO vrs YES) (Cheltenham Town vs Crewe Alexandra - Both teams to score),,,5.00,1.70,N,N,Bet Ticket: #86574276  Placed: 01/17/2020  STRAIGHT BET  [7055320] YES 1.70 (NO vrs YES) (Cheltenham Town vs Crewe Alexandra - Both teams to score) LOSE  Risk: $5.00 LOSE  Win: $  0.00
01/17/2020,MyBookie,,TOTAL o2½,,,,(LEYTON ORIENT vrs PORT VALE) (Leyton Orient vs Port Vale),,,5.20,1.96,N,N,Bet Ticket: #86574277  Placed: 01/17/2020  STRAIGHT BET  [7054243] TOTAL o2½ 1.96 (LEYTON ORIENT vrs PORT VALE) (Leyton Orient vs Port Vale) LOSE  Risk: $5.20 LOSE  Win: $  0.00
01/15/2020,MyBookie,,FALKIRK FC +½,,,,(Falkirk FC vs Arbroath FC),,,5.00,1.70,N,Y,Bet Ticket: #86370033  Placed: 01/15/2020  STRAIGHT BET  [7127699] FALKIRK FC +½ 1.70 (Falkirk FC vs Arbroath FC) WIN  Risk: $5.00 WIN  Win: $  3.52
01/15/2020,MyBookie,,TOTAL o3,,,,(GREENOCK MORTON FC vrs ST JOHNSTONE FC) (Greenock Morton FC vs St Johnstone FC),,,5.00,1.90,Y,PU,Bet Ticket: #86370998  Placed: 01/15/2020  STRAIGHT BET (FP)  [7127691] TOTAL o3 1.90 (GREENOCK MORTON FC vrs ST JOHNSTONE FC) (Greenock Morton FC vs St Johnstone FC) PUSH  Risk: $0.00 PUSH  Win: $  0.00
01/15/2020,MyBookie,,ARSENAL FC,,,,(Sheffield United vs Arsenal FC),,,5.00,1.80,N,N,Bet Ticket: #86429414  Placed: 01/15/2020  STRAIGHT BET  [7018476] ARSENAL FC 1.80 (Sheffield United vs Arsenal FC) LOSE  Risk: $5.00 LOSE  Win: $  0.00
01/18/2020,MyBookie,,VIRGINIA TECH -4,,,,,,,5.50,1.91,N,N,Bet Ticket: #86620931  Placed: 01/18/2020  STRAIGHT BET  [610] VIRGINIA TECH -4 1.91 LOSE  Risk: $5.50 LOSE  Win: $  0.00
01/18/2020,MyBookie,,TOTAL o131½,,,,(SYRACUSE vrs VIRGINIA TECH),,,5.50,1.91,N,Y,Bet Ticket: #86620932  Placed: 01/18/2020  STRAIGHT BET  [609] TOTAL o131½ 1.91 (SYRACUSE vrs VIRGINIA TECH) WIN  Risk: $5.50 WIN  Win: $  5.00
01/18/2020,MyBookie,,YES,,,,(NO vrs YES) (Perugia vs AC Chievo Verona - Both teams to score),,,5.45,1.92,N,N,Bet Ticket: #86619027  Placed: 01/18/2020  STRAIGHT BET  [7013320] YES 1.92 (NO vrs YES) (Perugia vs AC Chievo Verona - Both teams to score) LOSE  Risk: $5.45 LOSE  Win: $  0.00
01/18/2020,MyBookie,,ILLINOIS CHICAGO -1½,,,,,,,5.50,1.91,N,Y,Bet Ticket: #86620935  Placed: 01/18/2020  STRAIGHT BET  [613] ILLINOIS CHICAGO -1½ 1.91 WIN  Risk: $5.50 WIN  Win: $  5.00
01/18/2020,MyBookie,,TOTAL u146,,,,(ILLINOIS CHICAGO vrs IUPUI),,,5.50,1.91,N,Y,Bet Ticket: #86620936  Placed: 01/18/2020  STRAIGHT BET  [614] TOTAL u146 1.91 (ILLINOIS CHICAGO vrs IUPUI) WIN  Risk: $5.50 WIN  Win: $  5.00
01/18/2020,MyBookie,,VILLANOVA -9½,,,,,,,5.50,1.91,N,N,Bet Ticket: #86620937  Placed: 01/18/2020  STRAIGHT BET  [616] VILLANOVA -9½ 1.91 LOSE  Risk: $5.50 LOSE  Win: $  0.00
01/18/2020,MyBookie,,TOTAL u136½,,,,(NORTH CAROLINA vrs PITTSBURGH),,,5.50,1.91,N,Y,Bet Ticket: #86620934  Placed: 01/18/2020  STRAIGHT BET  [608] TOTAL u136½ 1.91 (NORTH CAROLINA vrs PITTSBURGH) WIN  Risk: $5.50 WIN  Win: $  5.00
01/18/2020,MyBookie,,SETON HALL -4½,,,,,,,5.50,1.91,N,N,Bet Ticket: #86620928  Placed: 01/18/2020  STRAIGHT BET  [603] SETON HALL -4½ 1.91 LOSE  Risk: $5.50 LOSE  Win: $  0.00
01/18/2020,MyBookie,,TOTAL u141½,,,,(SETON HALL vrs ST. JOHNS),,,5.50,1.91,N,N,Bet Ticket: #86620953  Placed: 01/18/2020  STRAIGHT BET  [604] TOTAL u141½ 1.91 (SETON HALL vrs ST. JOHNS) LOSE  Risk: $5.50 LOSE  Win: $  0.00
01/18/2020,MyBookie,,OHIO STATE PK,,,,,,,5.50,1.91,N,N,Bet Ticket: #86620925  Placed: 01/18/2020  STRAIGHT BET  [601] OHIO STATE PK 1.91 LOSE  Risk: $5.50 LOSE  Win: $  0.00
01/18/2020,MyBookie,,TOTAL u137½,,,,(OHIO STATE vrs PENN STATE),,,5.50,1.91,N,N,Bet Ticket: #86620927  Placed: 01/18/2020  STRAIGHT BET  [602] TOTAL u137½ 1.91 (OHIO STATE vrs PENN STATE) LOSE  Risk: $5.50 LOSE  Win: $  0.00
01/17/2020,MyBookie,,CD MAFRA +½,,,,(CD Mafra vs Leixoes SC),,,5.00,1.90,N,Y,Bet Ticket: #86534023  Placed: 01/17/2020  STRAIGHT BET  [7108193] CD MAFRA +½ 1.90 (CD Mafra vs Leixoes SC) WIN  Risk: $5.00 WIN  Win: $  4.50
01/16/2020,MyBookie,,REAL VALLADOLID,,,,(Real Valladolid vs CA Osasuna),,,5.00,4.51,Y,N,Bet Ticket: #86488857  Placed: 01/16/2020  STRAIGHT BET (FP)  [7006729] REAL VALLADOLID 4.51 (Real Valladolid vs CA Osasuna) LOSE  Risk: $0.00 LOSE  Win: $  0.00
01/16/2020,MyBookie,,CA OSASUNA DRAW,,,,(Real Valladolid vs CA Osasuna),,,5.00,3.35,N,Y,Bet Ticket: #86489077  Placed: 01/16/2020  STRAIGHT BET  [7006731] CA OSASUNA DRAW 3.35 (Real Valladolid vs CA Osasuna) WIN  Risk: $5.00 WIN  Win: $  11.75
01/18/2020,MyBookie,,LA SALLE +10½,,,,,,,5.50,1.91,N,Y,Bet Ticket: #86620938  Placed: 01/18/2020  STRAIGHT BET  [617] LA SALLE +10½ 1.91 WIN  Risk: $5.50 WIN  Win: $  5.00
01/18/2020,MyBookie,,TOTAL u140,,,,(LA SALLE vrs RHODE ISLAND),,,5.50,1.91,N,Y,Bet Ticket: #86620940  Placed: 01/18/2020  STRAIGHT BET  [618] TOTAL u140 1.91 (LA SALLE vrs RHODE ISLAND) WIN  Risk: $5.50 WIN  Win: $  5.00
01/18/2020,MyBookie,,YES,,,,(NO vrs YES) (Moreirense FC vs CD Tondela - Both teams to score),,,5.25,1.95,N,Y,Bet Ticket: #86619030  Placed: 01/18/2020  STRAIGHT BET  [7064458] YES 1.95 (NO vrs YES) (Moreirense FC vs CD Tondela - Both teams to score) WIN  Risk: $5.25 WIN  Win: $  5.00
01/18/2020,MyBookie,,YES,,,,(NO vrs YES) (SC Heerenveen vs Feyenoord Rotterdam - Both teams to score),,,5.00,1.60,N,Y,Bet Ticket: #86619028  Placed: 01/18/2020  STRAIGHT BET  [7004550] YES 1.60 (NO vrs YES) (SC Heerenveen vs Feyenoord Rotterdam - Both teams to score) WIN  Risk: $5.00 WIN  Win: $  3.01
01/18/2020,MyBookie,,YES,,,,(NO vrs YES) (FC Groningen vs FC Twente Enschede - Both teams to score),,,5.00,1.79,N,N,Bet Ticket: #86619029  Placed: 01/18/2020  STRAIGHT BET  [7004912] YES 1.79 (NO vrs YES) (FC Groningen vs FC Twente Enschede - Both teams to score) LOSE  Risk: $5.00 LOSE  Win: $  0.00
01/18/2020,MyBookie,,TULSA +1,,,,,,,5.50,1.91,N,Y,Bet Ticket: #86622319  Placed: 01/18/2020  STRAIGHT BET  [665] TULSA +1 1.91 WIN  Risk: $5.50 WIN  Win: $  5.00
01/18/2020,MyBookie,,WILLIAM & MARY -3,,,,,,,5.50,1.91,N,N,Bet Ticket: #86622315  Placed: 01/18/2020  STRAIGHT BET  [661] WILLIAM & MARY -3 1.91 LOSE  Risk: $5.50 LOSE  Win: $  0.00
01/18/2020,MyBookie,,TOTAL u140,,,,(WILLIAM & MARY vrs DREXEL),,,5.50,1.91,N,N,Bet Ticket: #86622316  Placed: 01/18/2020  STRAIGHT BET  [662] TOTAL u140 1.91 (WILLIAM & MARY vrs DREXEL) LOSE  Risk: $5.50 LOSE  Win: $  0.00
01/18/2020,MyBookie,,OKLAHOMA -3½,,,,,,,5.50,1.91,N,Y,Bet Ticket: #86622310  Placed: 01/18/2020  STRAIGHT BET  [654] OKLAHOMA -3½ 1.91 WIN  Risk: $5.50 WIN  Win: $  5.00
01/18/2020,MyBookie,,TOTAL u134,,,,(TCU vrs OKLAHOMA),,,5.50,1.91,N,N,Bet Ticket: #86622311  Placed: 01/18/2020  STRAIGHT BET  [654] TOTAL u134 1.91 (TCU vrs OKLAHOMA) LOSE  Risk: $5.50 LOSE  Win: $  0.00
01/18/2020,MyBookie,,ST. BONAVENTURE +9,,,,,,,5.50,1.91,N,N,Bet Ticket: #86622320  Placed: 01/18/2020  STRAIGHT BET  [669] ST. BONAVENTURE +9 1.91 LOSE  Risk: $5.50 LOSE  Win: $  0.00
01/18/2020,MyBookie,,TOTAL o127,,,,(ST. BONAVENTURE vrs VA COMMONWEALTH),,,5.50,1.91,N,Y,Bet Ticket: #86622321  Placed: 01/18/2020  STRAIGHT BET  [669] TOTAL o127 1.91 (ST. BONAVENTURE vrs VA COMMONWEALTH) WIN  Risk: $5.50 WIN  Win: $  5.00
01/18/2020,MyBookie,,TOWSON -8,,,,,,,5.50,1.91,N,PU,Bet Ticket: #86622317  Placed: 01/18/2020  STRAIGHT BET  [664] TOWSON -8 1.91 PUSH  Risk: $5.50 PUSH  Win: $  0.00
01/18/2020,MyBookie,,TOTAL o147½,,,,(JAMES MADISON vrs TOWSON),,,5.50,1.91,N,N,Bet Ticket: #86622318  Placed: 01/18/2020  STRAIGHT BET  [663] TOTAL o147½ 1.91 (JAMES MADISON vrs TOWSON) LOSE  Risk: $5.50 LOSE  Win: $  0.00
01/18/2020,MyBookie,,YES,,,,(NO vrs YES) (Waasland-Beveren vs KV Oostende - Both teams to score),,,5.00,1.64,N,N,Bet Ticket: #86619026  Placed: 01/18/2020  STRAIGHT BET  [7010000] YES 1.64 (NO vrs YES) (Waasland-Beveren vs KV Oostende - Both teams to score) LOSE  Risk: $5.00 LOSE  Win: $  0.00
01/18/2020,MyBookie,,DELAWARE -10½,,,,,,,5.50,1.91,N,N,Bet Ticket: #86622339  Placed: 01/18/2020  STRAIGHT BET  [660] DELAWARE -10½ 1.91 LOSE  Risk: $5.50 LOSE  Win: $  0.00
01/18/2020,MyBookie,,KANSAS -6,,,,,,,5.50,1.91,N,Y,Bet Ticket: #86622313  Placed: 01/18/2020  STRAIGHT BET  [655] KANSAS -6 1.91 WIN  Risk: $5.50 WIN  Win: $  5.00
01/18/2020,MyBookie,,TOTAL u129,,,,(KANSAS vrs TEXAS),,,5.50,1.91,N,Y,Bet Ticket: #86622314  Placed: 01/18/2020  STRAIGHT BET  [656] TOTAL u129 1.91 (KANSAS vrs TEXAS) WIN  Risk: $5.50 WIN  Win: $  5.00
01/18/2020,MyBookie,,COLORADO +6,,,,,,,5.50,1.91,N,N,Bet Ticket: #86622322  Placed: 01/18/2020  STRAIGHT BET  [671] COLORADO +6 1.91 LOSE  Risk: $5.50 LOSE  Win: $  0.00
01/16/2020,MyBookie,,ATLETICO MADRID,,,,(Atletico Madrid vs SD Eibar),,,5.00,1.78,Y,N,Bet Ticket: #86488858  Placed: 01/16/2020  STRAIGHT BET (FP)  [7006737] ATLETICO MADRID 1.78 (Atletico Madrid vs SD Eibar) LOSE  Risk: $0.00 LOSE  Win: $  0.00
01/18/2020,MyBookie,,YES,,,,(NO vrs YES) (Vitoria Setubal vs Belenenses SAD - Both teams to score),,,5.00,2.04,N,N,Bet Ticket: #86619031  Placed: 01/18/2020  STRAIGHT BET  [7066308] YES 2.04 (NO vrs YES) (Vitoria Setubal vs Belenenses SAD - Both teams to score) LOSE  Risk: $5.00 LOSE  Win: $  0.00
01/18/2020,MyBookie,,TEXAS SAN ANTONIO PK,,,,,,,5.50,1.91,N,Y,Bet Ticket: #86623376  Placed: 01/18/2020  STRAIGHT BET  [710] TEXAS SAN ANTONIO PK 1.91 WIN  Risk: $5.50 WIN  Win: $  5.00
01/18/2020,MyBookie,,TEXAS SAN ANTONIO PK,,,,,,,5.50,1.91,N,Y,Bet Ticket: #86624211  Placed: 01/18/2020  STRAIGHT BET  [710] TEXAS SAN ANTONIO PK 1.91 WIN  Risk: $5.50 WIN  Win: $  5.00
01/18/2020,MyBookie,,HOFSTRA +3½,,,,,,,5.50,1.91,N,Y,Bet Ticket: #86623378  Placed: 01/18/2020  STRAIGHT BET  [717] HOFSTRA +3½ 1.91 WIN  Risk: $5.50 WIN  Win: $  5.00
01/18/2020,MyBookie,,TOTAL o144,,,,(HOFSTRA vrs COLL OF CHARLESTON),,,5.50,1.91,N,N,Bet Ticket: #86623379  Placed: 01/18/2020  STRAIGHT BET  [717] TOTAL o144 1.91 (HOFSTRA vrs COLL OF CHARLESTON) LOSE  Risk: $5.50 LOSE  Win: $  0.00
01/18/2020,MyBookie,,HOFSTRA +3½,,,,,,,5.50,1.91,N,Y,Bet Ticket: #86624214  Placed: 01/18/2020  STRAIGHT BET  [717] HOFSTRA +3½ 1.91 WIN  Risk: $5.50 WIN  Win: $  5.00
01/18/2020,MyBookie,,TOTAL o144,,,,(HOFSTRA vrs COLL OF CHARLESTON),,,5.50,1.91,N,N,Bet Ticket: #86624215  Placed: 01/18/2020  STRAIGHT BET  [717] TOTAL o144 1.91 (HOFSTRA vrs COLL OF CHARLESTON) LOSE  Risk: $5.50 LOSE  Win: $  0.00
01/18/2020,MyBookie,,NORTHERN ILLINOIS +7,,,,,,,5.50,1.91,N,Y,Bet Ticket: #86623382  Placed: 01/18/2020  STRAIGHT BET  [721] NORTHERN ILLINOIS +7 1.91 WIN  Risk: $5.50 WIN  Win: $  5.00
01/18/2020,MyBookie,,TOTAL u139½,,,,(NORTHERN ILLINOIS vrs BOWLING GREEN),,,5.50,1.91,N,Y,Bet Ticket: #86623383  Placed: 01/18/2020  STRAIGHT BET  [722] TOTAL u139½ 1.91 (NORTHERN ILLINOIS vrs BOWLING GREEN) WIN  Risk: $5.50 WIN  Win: $  5.00
01/18/2020,MyBookie,,NORTHERN ILLINOIS +7,,,,,,,5.50,1.91,N,Y,Bet Ticket: #86624220  Placed: 01/18/2020  STRAIGHT BET  [721] NORTHERN ILLINOIS +7 1.91 WIN  Risk: $5.50 WIN  Win: $  5.00
01/18/2020,MyBookie,,TOTAL u139½,,,,(NORTHERN ILLINOIS vrs BOWLING GREEN),,,5.50,1.91,N,Y,Bet Ticket: #86624222  Placed: 01/18/2020  STRAIGHT BET  [722] TOTAL u139½ 1.91 (NORTHERN ILLINOIS vrs BOWLING GREEN) WIN  Risk: $5.50 WIN  Win: $  5.00
01/18/2020,MyBookie,,IOWA STATE +8,,,,,,,5.50,1.91,N,N,Bet Ticket: #86624241  Placed: 01/18/2020  STRAIGHT BET  [715] IOWA STATE +8 1.91 LOSE  Risk: $5.50 LOSE  Win: $  0.00
01/18/2020,MyBookie,,UAB +4,,,,,,,5.50,1.91,N,Y,Bet Ticket: #86623377  Placed: 01/18/2020  STRAIGHT BET  [711] UAB +4 1.91 WIN  Risk: $5.50 WIN  Win: $  5.00
01/18/2020,MyBookie,,UAB +4,,,,,,,5.50,1.91,N,Y,Bet Ticket: #86624213  Placed: 01/18/2020  STRAIGHT BET  [711] UAB +4 1.91 WIN  Risk: $5.50 WIN  Win: $  5.00
01/18/2020,MyBookie,,KENTUCKY +2,,,,,,,5.50,1.91,N,Y,Bet Ticket: #86623380  Placed: 01/18/2020  STRAIGHT BET  [719] KENTUCKY +2 1.91 WIN  Risk: $5.50 WIN  Win: $  5.00
01/18/2020,MyBookie,,TOTAL u138,,,,(KENTUCKY vrs ARKANSAS),,,5.50,2.00,N,N,Bet Ticket: #86623381  Placed: 01/18/2020  STRAIGHT BET  [720] TOTAL u138 2.00 (KENTUCKY vrs ARKANSAS) LOSE  Risk: $5.50 LOSE  Win: $  0.00
01/18/2020,MyBookie,,KENTUCKY +2,,,,,,,5.50,1.91,N,Y,Bet Ticket: #86624217  Placed: 01/18/2020  STRAIGHT BET  [719] KENTUCKY +2 1.91 WIN  Risk: $5.50 WIN  Win: $  5.00
01/18/2020,MyBookie,,TOTAL u139,,,,(KENTUCKY vrs ARKANSAS),,,5.50,2.00,N,PU,Bet Ticket: #86624243  Placed: 01/18/2020  STRAIGHT BET  [720] TOTAL u139 2.00 (KENTUCKY vrs ARKANSAS) PUSH  Risk: $5.50 PUSH  Win: $  0.00
01/18/2020,MyBookie,,ARKANSAS LITTLE ROCK +1½,,,,,,,5.50,1.91,N,Y,Bet Ticket: #86623386  Placed: 01/18/2020  STRAIGHT BET  [727] ARKANSAS LITTLE ROCK +1½ 1.91 WIN  Risk: $5.50 WIN  Win: $  5.00
01/18/2020,MyBookie,,ARKANSAS LITTLE ROCK +1½,,,,,,,5.50,1.91,N,Y,Bet Ticket: #86624227  Placed: 01/18/2020  STRAIGHT BET  [727] ARKANSAS LITTLE ROCK +1½ 1.91 WIN  Risk: $5.50 WIN  Win: $  5.00
01/18/2020,MyBookie,,GEORGE WASHINGTON +5½,,,,,,,5.50,1.91,N,Y,Bet Ticket: #86623387  Placed: 01/18/2020  STRAIGHT BET  [729] GEORGE WASHINGTON +5½ 1.91 WIN  Risk: $5.50 WIN  Win: $  5.00
01/18/2020,MyBookie,,GEORGE WASHINGTON +5½,,,,,,,5.50,1.91,N,Y,Bet Ticket: #86624229  Placed: 01/18/2020  STRAIGHT BET  [729] GEORGE WASHINGTON +5½ 1.91 WIN  Risk: $5.50 WIN  Win: $  5.00
01/18/2020,MyBookie,,QUINNIPIAC -5½,,,,,,,5.50,1.91,N,N,Bet Ticket: #86623384  Placed: 01/18/2020  STRAIGHT BET  [726] QUINNIPIAC -5½ 1.91 LOSE  Risk: $5.50 LOSE  Win: $  0.00
01/18/2020,MyBookie,,TOTAL u133,,,,(ST. PETER'S vrs QUINNIPIAC),,,5.50,1.91,N,Y,Bet Ticket: #86623385  Placed: 01/18/2020  STRAIGHT BET  [726] TOTAL u133 1.91 (ST. PETER'S vrs QUINNIPIAC) WIN  Risk: $5.50 WIN  Win: $  5.00
01/18/2020,MyBookie,,QUINNIPIAC -5½,,,,,,,5.50,1.91,N,N,Bet Ticket: #86624224  Placed: 01/18/2020  STRAIGHT BET  [726] QUINNIPIAC -5½ 1.91 LOSE  Risk: $5.50 LOSE  Win: $  0.00
01/18/2020,MyBookie,,TOTAL u133,,,,(ST. PETER'S vrs QUINNIPIAC),,,5.50,1.91,N,Y,Bet Ticket: #86624225  Placed: 01/18/2020  STRAIGHT BET  [726] TOTAL u133 1.91 (ST. PETER'S vrs QUINNIPIAC) WIN  Risk: $5.50 WIN  Win: $  5.00
01/18/2020,MyBookie,,MILWAUKEE BUCKS -10½,,,,,,,5.75,1.87,N,Y,Bet Ticket: #86691089  Placed: 01/18/2020  STRAIGHT BET  [547] MILWAUKEE BUCKS -10½ 1.87 WIN  Risk: $5.75 WIN  Win: $  5.00
01/18/2020,MyBookie,,WISC MILWAUKEE -1,,,,,,,5.50,1.91,N,Y,Bet Ticket: #86625364  Placed: 01/18/2020  STRAIGHT BET  [786] WISC MILWAUKEE -1 1.91 WIN  Risk: $5.50 WIN  Win: $  5.00
01/18/2020,MyBookie,,FLYERS,,,,(LOS ANGELES KINGS vs PHILADELPHIA FLYERS - 3 Way Line),,,6.00,1.83,N,Y,Bet Ticket: #86690519  Placed: 01/18/2020  [78700] FLYERS 1.83 (LOS ANGELES KINGS vs PHILADELPHIA FLYERS - 3 Way Line) WIN  Risk: $6.00 WIN  Win: $  5.00
01/18/2020,MyBookie,,VEGAS GOLDEN KNIGHTS,,,,,,,6.00,1.83,N,N,Bet Ticket: #86705903  Placed: 01/18/2020  STRAIGHT BET  [69] VEGAS GOLDEN KNIGHTS 1.83 LOSE  Risk: $6.00 LOSE  Win: $  0.00
01/18/2020,MyBookie,,VEGAS GOLDEN KNIGHTS,,,,,,,5.75,1.87,N,N,Bet Ticket: #86690520  Placed: 01/18/2020  STRAIGHT BET  [69] VEGAS GOLDEN KNIGHTS 1.87 LOSE  Risk: $5.75 LOSE  Win: $  0.00
01/18/2020,MyBookie,,LONG BEACH STATE -1½,,,,,,,5.50,1.87,N,N,Bet Ticket: #86625366  Placed: 01/18/2020  STRAIGHT BET  [790] LONG BEACH STATE -1½ 1.87 LOSE  Risk: $5.50 LOSE  Win: $  0.00
01/18/2020,MyBookie,,TOTAL u141,,,,(CS FULLERTON vrs LONG BEACH STATE),,,5.50,1.91,N,Y,Bet Ticket: #86625369  Placed: 01/18/2020  STRAIGHT BET  [790] TOTAL u141 1.91 (CS FULLERTON vrs LONG BEACH STATE) WIN  Risk: $5.50 WIN  Win: $  5.00
01/18/2020,MyBookie,,ATLANTA HAWKS +1½,,,,,,,5.50,1.91,N,N,Bet Ticket: #86690853  Placed: 01/18/2020  STRAIGHT BET  [552] ATLANTA HAWKS +1½ 1.91 LOSE  Risk: $5.50 LOSE  Win: $  0.00
01/18/2020,MyBookie,,NEW YORK KNICKS +4½,,,,,,,5.75,1.87,N,Y,Bet Ticket: #86690855  Placed: 01/18/2020  STRAIGHT BET  [554] NEW YORK KNICKS +4½ 1.87 WIN  Risk: $5.75 WIN  Win: $  5.00
01/18/2020,MyBookie,,UMKC -1,,,,,,,5.50,1.91,N,R,Bet Ticket: #86625375  Placed: 01/18/2020  STRAIGHT BET  [798] UMKC -1 1.91 N/A CANCEL  Risk: $5.50 NO BET  Win: $  0.00
01/18/2020,MyBookie,,UL - LAFAYETTE +7,,,,,,,5.50,1.95,N,N,Bet Ticket: #86625371  Placed: 01/18/2020  STRAIGHT BET  [792] UL - LAFAYETTE +7 1.95 LOSE  Risk: $5.50 LOSE  Win: $  0.00
01/18/2020,MyBookie,,TOTAL o140½,,,,(INDIANA STATE vrs VALPARAISO),,,5.50,1.91,N,Y,Bet Ticket: #86625377  Placed: 01/18/2020  STRAIGHT BET  [801] TOTAL o140½ 1.91 (INDIANA STATE vrs VALPARAISO) WIN  Risk: $5.50 WIN  Win: $  5.00
01/18/2020,MyBookie,,NEVADA +13,,,,,,,5.50,1.87,N,PU,Bet Ticket: #86625378  Placed: 01/18/2020  STRAIGHT BET  [803] NEVADA +13 1.87 PUSH  Risk: $5.50 PUSH  Win: $  0.00
01/18/2020,MyBookie,,TOTAL u136,,,,(TEMPLE vrs SMU),,,5.50,2.05,N,Y,Bet Ticket: #86625373  Placed: 01/18/2020  STRAIGHT BET  [796] TOTAL u136 2.05 (TEMPLE vrs SMU) WIN  Risk: $5.50 WIN  Win: $  5.78
01/18/2020,MyBookie,,LSU -4½,,,,,,,5.50,1.91,N,N,Bet Ticket: #86625376  Placed: 01/18/2020  STRAIGHT BET  [799] LSU -4½ 1.91 LOSE  Risk: $5.50 LOSE  Win: $  0.00
01/18/2020,MyBookie,,VIRGINIA +1½,,,,,,,5.50,1.91,N,Y,Bet Ticket: #86625372  Placed: 01/18/2020  STRAIGHT BET  [793] VIRGINIA +1½ 1.91 WIN  Risk: $5.50 WIN  Win: $  5.00
01/18/2020,MyBookie,,GEORGIA TECH +1½,,,,,,,6.90,1.87,N,N,Bet Ticket: #86707638  Placed: 01/18/2020  STRAIGHT BET  [794] GEORGIA TECH +1½ 1.87 LOSE  Risk: $6.90 LOSE  Win: $  0.00
01/18/2020,MyBookie,,TOTAL u103½,,,,(1H CLEVELAND CAVALIERS vrs 1H CHICAGO BULLS),,,5.50,1.91,N,N,Bet Ticket: #86690849  Placed: 01/18/2020  STRAIGHT BET  [1558] TOTAL u103½ 1.91 (1H CLEVELAND CAVALIERS vrs 1H CHICAGO BULLS) LOSE  Risk: $5.50 LOSE  Win: $  0.00
01/18/2020,MyBookie,,GEORGIA +6½,,,,,,,5.50,1.91,N,N,Bet Ticket: #86625379  Placed: 01/18/2020  STRAIGHT BET  [805] GEORGIA +6½ 1.91 LOSE  Risk: $5.50 LOSE  Win: $  0.00
01/18/2020,MyBookie,,LOS ANGELES LAKERS +2,,,,,,,5.50,1.91,N,Y,Bet Ticket: #86690852  Placed: 01/18/2020  STRAIGHT BET  [559] LOS ANGELES LAKERS +2 1.91 WIN  Risk: $5.50 WIN  Win: $  5.00
01/18/2020,MyBookie,,HOUSTON ROCKETS -2,,,,,,,5.25,1.95,N,N,Bet Ticket: #86695554  Placed: 01/18/2020  STRAIGHT BET  [560] HOUSTON ROCKETS -2 1.95 LOSE  Risk: $5.25 LOSE  Win: $  0.00
01/18/2020,MyBookie,,LOS ANGELES LAKERS +1½,,,,,,,5.50,1.91,N,Y,Bet Ticket: #86705901  Placed: 01/18/2020  STRAIGHT BET  [559] LOS ANGELES LAKERS +1½ 1.91 WIN  Risk: $5.50 WIN  Win: $  5.00
01/18/2020,MyBookie,,UTAH +6½,,,,,,,5.50,1.91,N,N,Bet Ticket: #86625380  Placed: 01/18/2020  STRAIGHT BET  [807] UTAH +6½ 1.91 LOSE  Risk: $5.50 LOSE  Win: $  0.00
01/18/2020,MyBookie,,SANTA CLARA -4,,,,,,,5.50,1.91,N,PU,Bet Ticket: #86625381  Placed: 01/18/2020  STRAIGHT BET  [812] SANTA CLARA -4 1.91 PUSH  Risk: $5.50 PUSH  Win: $  0.00
01/18/2020,MyBookie,,TOTAL u2½,,,,(ANDRE FILI vrs SODIQ YUSUFF),,,5.50,1.91,N,N,Bet Ticket: #86734853  Placed: 01/18/2020  STRAIGHT BET  [24118] TOTAL u2½ 1.91 (ANDRE FILI vrs SODIQ YUSUFF) LOSE  Risk: $5.50 LOSE  Win: $  0.00
01/18/2020,MyBookie,,SACRAMENTO KINGS +9,,,,,,,5.50,1.91,N,N,Bet Ticket: #86690851  Placed: 01/18/2020  STRAIGHT BET  [565] SACRAMENTO KINGS +9 1.91 LOSE  Risk: $5.50 LOSE  Win: $  0.00
01/18/2020,MyBookie,,OKLAHOMA CITY THUNDER -6,,,,,,,5.50,1.91,N,Y,Bet Ticket: #86690856  Placed: 01/18/2020  STRAIGHT BET  [564] OKLAHOMA CITY THUNDER -6 1.91 WIN  Risk: $5.50 WIN  Win: $  5.00
01/18/2020,MyBookie,,BYU +13,,,,,,,5.50,1.91,N,N,Bet Ticket: #86746435  Placed: 01/18/2020  STRAIGHT BET  [819] BYU +13 1.91 LOSE  Risk: $5.50 LOSE  Win: $  0.00
01/18/2020,MyBookie,,SAN DIEGO PK,,,,,,,5.50,1.91,N,Y,Bet Ticket: #86625382  Placed: 01/18/2020  STRAIGHT BET  [813] SAN DIEGO PK 1.91 WIN  Risk: $5.50 WIN  Win: $  5.00
01/18/2020,MyBookie,,GONZAGA -12,,,,,,,5.50,1.91,N,Y,Bet Ticket: #86625387  Placed: 01/18/2020  STRAIGHT BET  [820] GONZAGA -12 1.91 WIN  Risk: $5.50 WIN  Win: $  5.00
01/18/2020,MyBookie,,TOTAL o154,,,,(BYU vrs GONZAGA),,,5.50,1.91,N,Y,Bet Ticket: #86625388  Placed: 01/18/2020  STRAIGHT BET  [819] TOTAL o154 1.91 (BYU vrs GONZAGA) WIN  Risk: $5.50 WIN  Win: $  5.00
01/18/2020,MyBookie,,TOTAL u158,,,,(BYU vrs GONZAGA),,,5.50,1.91,N,N,Bet Ticket: #86720626  Placed: 01/18/2020  STRAIGHT BET  [820] TOTAL u158 1.91 (BYU vrs GONZAGA) LOSE  Risk: $5.50 LOSE  Win: $  0.00
01/18/2020,MyBookie,,NEW MEXICO STATE -4,,,,,,,5.50,1.91,N,Y,Bet Ticket: #86625383  Placed: 01/18/2020  STRAIGHT BET  [817] NEW MEXICO STATE -4 1.91 WIN  Risk: $5.50 WIN  Win: $  5.00
01/18/2020,MyBookie,,TOTAL u132,,,,(NEW MEXICO STATE vrs SEATTLE U),,,5.50,1.91,N,N,Bet Ticket: #86625385  Placed: 01/18/2020  STRAIGHT BET  [818] TOTAL u132 1.91 (NEW MEXICO STATE vrs SEATTLE U) LOSE  Risk: $5.50 LOSE  Win: $  0.00
01/18/2020,MyBookie,,SEATTLE U +4,,,,,,,5.50,1.91,N,N,Bet Ticket: #86720624  Placed: 01/18/2020  STRAIGHT BET  [818] SEATTLE U +4 1.91 LOSE  Risk: $5.50 LOSE  Win: $  0.00
01/18/2020,MyBookie,,UTAH STATE -1½,,,,,,,5.50,1.91,N,N,Bet Ticket: #86625389  Placed: 01/18/2020  STRAIGHT BET  [821] UTAH STATE -1½ 1.91 LOSE  Risk: $5.50 LOSE  Win: $  0.00
01/18/2020,MyBookie,,TOTAL o143,,,,(UTAH STATE vrs BOISE STATE),,,5.50,1.91,N,Y,Bet Ticket: #86625390  Placed: 01/18/2020  STRAIGHT BET  [821] TOTAL o143 1.91 (UTAH STATE vrs BOISE STATE) WIN  Risk: $5.50 WIN  Win: $  5.00
01/18/2020,MyBookie,,VANCOUVER CANUCKS,,,,,,,6.50,1.77,N,Y,Bet Ticket: #86690521  Placed: 01/18/2020  STRAIGHT BET  [82] VANCOUVER CANUCKS 1.77 WIN  Risk: $6.50 WIN  Win: $  5.00
01/16/2020,MyBookie,,TOTAL u2½,,,,(ANTHONY PETTIS vrs DIEGO FERREIRA),,,5.00,2.30,Y,Y,Bet Ticket: #86497528  Placed: 01/16/2020  STRAIGHT BET (FP)  [24106] TOTAL u2½ 2.30 (ANTHONY PETTIS vrs DIEGO FERREIRA) WIN  Risk: $0.00 WIN  Win: $  6.50
01/16/2020,MyBookie,,ANTHONY PETTIS,,,,(ANTHONY PETTIS vrs DIEGO FERREIRA),,,5.00,3.00,Y,N,Bet Ticket: #86503373  Placed: 01/16/2020  STRAIGHT BET (FP)  [24105] ANTHONY PETTIS 3.00 (ANTHONY PETTIS vrs DIEGO FERREIRA) LOSE  Risk: $0.00 LOSE  Win: $  0.00
01/16/2020,MyBookie,,TOTAL u1½,,,,(MAURICE GREENE vrs ALEKSEI OLEINIK),,,5.00,1.56,N,N,Bet Ticket: #86496625  Placed: 01/16/2020  STRAIGHT BET  [24130] TOTAL u1½ 1.56 (MAURICE GREENE vrs ALEKSEI OLEINIK) LOSE  Risk: $5.00 LOSE  Win: $  0.00
01/16/2020,MyBookie,,RAQUEL PENNINGTON,,,,(RAQUEL PENNINGTON vrs HOLLY HOLM),,,5.00,2.10,Y,N,Bet Ticket: #86496498  Placed: 01/16/2020  STRAIGHT BET (FP)  [24113] RAQUEL PENNINGTON 2.10 (RAQUEL PENNINGTON vrs HOLLY HOLM) LOSE  Risk: $0.00 LOSE  Win: $  0.00
01/16/2020,MyBookie,,DONALD CERRONE,,,,(DONALD CERRONE vrs CONOR MCGREGOR),,,5.00,3.75,Y,N,Bet Ticket: #86495492  Placed: 01/16/2020  STRAIGHT BET (FP)  [24101] DONALD CERRONE 3.75 (DONALD CERRONE vrs CONOR MCGREGOR) LOSE  Risk: $0.00 LOSE  Win: $  0.00
01/16/2020,MyBookie,,TOTAL o1½,,,,(DONALD CERRONE vrs CONOR MCGREGOR),,,5.00,1.78,N,N,Bet Ticket: #86495515  Placed: 01/16/2020  STRAIGHT BET  [24101] TOTAL o1½ 1.78 (DONALD CERRONE vrs CONOR MCGREGOR) LOSE  Risk: $5.00 LOSE  Win: $  0.00
01/18/2020,MyBookie,,HAWAII -2,,,,,,,5.50,1.91,N,Y,Bet Ticket: #86625391  Placed: 01/18/2020  STRAIGHT BET  [826] HAWAII -2 1.91 WIN  Risk: $5.50 WIN  Win: $  5.00
01/17/2020,MyBookie,,PERTH GLORY FC -½,,,,(Perth Glory FC vs Western Sydney Wanderers FC),,,5.00,2.04,N,Y,Bet Ticket: #86534021  Placed: 01/17/2020  STRAIGHT BET  [7047921] PERTH GLORY FC -½ 2.04 (Perth Glory FC vs Western Sydney Wanderers FC) WIN  Risk: $5.00 WIN  Win: $  5.20
01/19/2020,MyBookie,,ELCHE CF,,,,(Alcorcon AD vs Elche CF),,,5.00,2.23,Y,N,Bet Ticket: #86786223  Placed: 01/19/2020  STRAIGHT BET (FP)  [7166492] ELCHE CF 2.23 (Alcorcon AD vs Elche CF) LOSE  Risk: $0.00 LOSE  Win: $  0.00
01/17/2020,MyBookie,,CF VALENCIA,,,,(CF Valencia vs RCD Mallorca),,,5.00,2.04,N,N,Bet Ticket: #86590824  Placed: 01/17/2020  STRAIGHT BET  [7006761] CF VALENCIA 2.04 (CF Valencia vs RCD Mallorca) LOSE  Risk: $5.00 LOSE  Win: $  0.00
01/17/2020,MyBookie,,TOTAL o1½,,,,(REAL BETIS BALOMPIE vrs REAL BETIS BALOMPIE) (Real Sociedad vs Real Betis Balompie - Real Betis Balompie total),,,5.00,2.00,N,Y,Bet Ticket: #86590825  Placed: 01/17/2020  STRAIGHT BET  [7009275] TOTAL o1½ 2.00 (REAL BETIS BALOMPIE vrs REAL BETIS BALOMPIE) (Real Sociedad vs Real Betis Balompie - Real Betis Balompie total) WIN  Risk: $5.00 WIN  Win: $  5.00
01/19/2020,MyBookie,,YES,,,,(NO vrs YES) (Real Sociedad vs Real Betis Balompie - Both teams to score),,,5.00,1.51,N,N,Bet Ticket: #86787827  Placed: 01/19/2020  STRAIGHT BET  [7009204] YES 1.51 (NO vrs YES) (Real Sociedad vs Real Betis Balompie - Both teams to score) LOSE  Risk: $5.00 LOSE  Win: $  0.00
01/19/2020,MyBookie,,AJAX AMSTERDAM -3,,,,(Sparta Rotterdam vs Ajax Amsterdam),,,5.20,1.96,N,N,Bet Ticket: #86788414  Placed: 01/19/2020  STRAIGHT BET  [7005050] AJAX AMSTERDAM -3 1.96 (Sparta Rotterdam vs Ajax Amsterdam) LOSE  Risk: $5.20 LOSE  Win: $  0.00
01/19/2020,MyBookie,,YES,,,,(NO vrs YES) (Heracles Almelo vs FC Emmen - Both teams to score),,,5.00,1.47,N,N,Bet Ticket: #86787825  Placed: 01/19/2020  STRAIGHT BET  [7006314] YES 1.47 (NO vrs YES) (Heracles Almelo vs FC Emmen - Both teams to score) LOSE  Risk: $5.00 LOSE  Win: $  0.00
01/19/2020,MyBookie,,TOTAL o1½,,,,(LEICESTER CITY vrs LEICESTER CITY) (Leicester City vs Burnley FC - Leicester City total),,,5.80,1.86,N,N,Bet Ticket: #86786355  Placed: 01/19/2020  STRAIGHT BET  [7021163] TOTAL o1½ 1.86 (LEICESTER CITY vrs LEICESTER CITY) (Leicester City vs Burnley FC - Leicester City total) LOSE  Risk: $5.80 LOSE  Win: $  0.00
01/19/2020,MyBookie,,LEICESTER CITY,,,,(Leicester City vs Burnley FC - 2nd Half),,,5.00,2.08,N,N,Bet Ticket: #86787923  Placed: 01/19/2020  STRAIGHT BET  [7021073] LEICESTER CITY 2.08 (Leicester City vs Burnley FC - 2nd Half) LOSE  Risk: $5.00 LOSE  Win: $  0.00
01/19/2020,MyBookie,,TOTAL o2½,,,,(LEICESTER CITY vrs BURNLEY FC) (Leicester City vs Burnley FC),,,6.15,1.81,N,Y,Bet Ticket: #86787920  Placed: 01/19/2020  STRAIGHT BET  [7020973] TOTAL o2½ 1.81 (LEICESTER CITY vrs BURNLEY FC) (Leicester City vs Burnley FC) WIN  Risk: $6.15 WIN  Win: $  5.00
01/19/2020,MyBookie,,FC BAYERN MUNICH -2,,,,(FC Bayern Munich vs Hertha BSC),,,5.00,2.04,N,Y,Bet Ticket: #86793105  Placed: 01/19/2020  STRAIGHT BET  [7000017] FC BAYERN MUNICH -2 2.04 (FC Bayern Munich vs Hertha BSC) WIN  Risk: $5.00 WIN  Win: $  5.20
01/19/2020,MyBookie,,TOTAL o2½,,,,(FC BAYERN MUNICH vrs FC BAYERN MUNICH) (FC Bayern Munich vs Hertha BSC - FC Bayern Munich total),,,6.30,1.79,N,Y,Bet Ticket: #86793106  Placed: 01/19/2020  STRAIGHT BET  [7002947] TOTAL o2½ 1.79 (FC BAYERN MUNICH vrs FC BAYERN MUNICH) (FC Bayern Munich vs Hertha BSC - FC Bayern Munich total) WIN  Risk: $6.30 WIN  Win: $  5.00
01/19/2020,MyBookie,,RCD ESPANYOL BARCELONA +1,,,,(RCD Espanyol Barcelona vs CF Villarreal),,,5.00,1.67,N,Y,Bet Ticket: #86786207  Placed: 01/19/2020  STRAIGHT BET  [7006753] RCD ESPANYOL BARCELONA +1 1.67 (RCD Espanyol Barcelona vs CF Villarreal) WIN  Risk: $5.00 WIN  Win: $  3.36
01/17/2020,MyBookie,,VARZIM SC,,,,(VARZIM SC vrs CASA PIA AC) (Varzim SC vs Casa Pia AC - Draw no bet),,,5.00,1.60,N,PU,Bet Ticket: #86534024  Placed: 01/17/2020  STRAIGHT BET  [7107135] VARZIM SC 1.60 (VARZIM SC vrs CASA PIA AC) (Varzim SC vs Casa Pia AC - Draw no bet) PUSH  Risk: $5.00 PUSH  Win: $  0.00
01/19/2020,MyBookie,,LIVERPOOL LFC -1,,,,(Liverpool LFC vs Bristol City Women),,,5.00,2.12,N,PU,Bet Ticket: #86792752  Placed: 01/19/2020  STRAIGHT BET  [7183141] LIVERPOOL LFC -1 2.12 (Liverpool LFC vs Bristol City Women) PUSH  Risk: $5.00 PUSH  Win: $  0.00
01/15/2020,MyBookie,,CD NACIONAL,,,,(CD Nacional vs CD Cova Piedade),,,5.00,1.72,N,N,Bet Ticket: #86402041  Placed: 01/15/2020  STRAIGHT BET  [7107627] CD NACIONAL 1.72 (CD Nacional vs CD Cova Piedade) LOSE  Risk: $5.00 LOSE  Win: $  0.00
01/19/2020,MyBookie,,YES,,,,(NO vrs YES) (RKC Waalwijk vs ADO Den Haag - Both teams to score),,,5.00,1.50,N,N,Bet Ticket: #86787826  Placed: 01/19/2020  STRAIGHT BET  [7006548] YES 1.50 (NO vrs YES) (RKC Waalwijk vs ADO Den Haag - Both teams to score) LOSE  Risk: $5.00 LOSE  Win: $  0.00
01/15/2020,MyBookie,,BESIKTAS,,,,(Sivasspor vs Besiktas),,,5.00,1.85,N,N,Bet Ticket: #86402042  Placed: 01/15/2020  STRAIGHT BET  [7023458] BESIKTAS 1.85 (Sivasspor vs Besiktas) LOSE  Risk: $5.00 LOSE  Win: $  0.00
01/19/2020,MyBookie,,DAVIDSON -8,,,,,,,5.50,1.91,N,Y,Bet Ticket: #86780550  Placed: 01/19/2020  STRAIGHT BET  [841] DAVIDSON -8 1.91 WIN  Risk: $5.50 WIN  Win: $  5.00
01/19/2020,MyBookie,,RACING SANTANDER,,,,(UD Las Palmas vs Racing Santander),,,5.00,2.56,N,N,Bet Ticket: #86786208  Placed: 01/19/2020  STRAIGHT BET  [7166476] RACING SANTANDER 2.56 (UD Las Palmas vs Racing Santander) LOSE  Risk: $5.00 LOSE  Win: $  0.00
01/19/2020,MyBookie,,YES,,,,(NO vrs YES) (SD Huesca vs Real Oviedo - Both teams to score),,,5.35,1.93,N,Y,Bet Ticket: #86787828  Placed: 01/19/2020  STRAIGHT BET  [7169192] YES 1.93 (NO vrs YES) (SD Huesca vs Real Oviedo - Both teams to score) WIN  Risk: $5.35 WIN  Win: $  5.00
01/17/2020,MyBookie,,ATHLETIC BILBAO,,,,(RC Celta de Vigo vs Athletic Bilbao),,,5.30,1.94,N,N,Bet Ticket: #86590826  Placed: 01/17/2020  STRAIGHT BET  [7006746] ATHLETIC BILBAO 1.94 (RC Celta de Vigo vs Athletic Bilbao) LOSE  Risk: $5.30 LOSE  Win: $  0.00
01/19/2020,MyBookie,,TOTAL o2,,,,(RC CELTA DE VIGO vrs ATHLETIC BILBAO) (RC Celta de Vigo vs Athletic Bilbao),,,5.00,1.78,N,PU,Bet Ticket: #86786189  Placed: 01/19/2020  STRAIGHT BET  [7006745] TOTAL o2 1.78 (RC CELTA DE VIGO vrs ATHLETIC BILBAO) (RC Celta de Vigo vs Athletic Bilbao) PUSH  Risk: $5.00 PUSH  Win: $  0.00
01/19/2020,MyBookie,,ATHLETIC BILBAO,,,,(RC Celta de Vigo vs Athletic Bilbao),,,5.05,1.99,N,N,Bet Ticket: #86787921  Placed: 01/19/2020  STRAIGHT BET  [7006746] ATHLETIC BILBAO 1.99 (RC Celta de Vigo vs Athletic Bilbao) LOSE  Risk: $5.05 LOSE  Win: $  0.00
01/19/2020,MyBookie,,YES,,,,(NO vrs YES) (Aris Thessaloniki FC vs Olympiacos FC - Both teams to score),,,5.00,2.50,N,Y,Bet Ticket: #86787922  Placed: 01/19/2020  STRAIGHT BET  [7031040] YES 2.50 (NO vrs YES) (Aris Thessaloniki FC vs Olympiacos FC - Both teams to score) WIN  Risk: $5.00 WIN  Win: $  7.50
01/19/2020,MyBookie,,RUTGERS -4½,,,,,,,5.75,1.87,N,Y,Bet Ticket: #86780551  Placed: 01/19/2020  STRAIGHT BET  [844] RUTGERS -4½ 1.87 WIN  Risk: $5.75 WIN  Win: $  5.00
01/19/2020,MyBookie,,SIENA -3,,,,,,,5.50,1.91,N,N,Bet Ticket: #86780552  Placed: 01/19/2020  STRAIGHT BET  [845] SIENA -3 1.91 LOSE  Risk: $5.50 LOSE  Win: $  0.00
01/19/2020,MyBookie,,YES,,,,(NO vrs YES) (KRC Genk vs SV Zulte Waregem - Both teams to score),,,5.00,1.52,N,N,Bet Ticket: #86787824  Placed: 01/19/2020  STRAIGHT BET  [7012154] YES 1.52 (NO vrs YES) (KRC Genk vs SV Zulte Waregem - Both teams to score) LOSE  Risk: $5.00 LOSE  Win: $  0.00
01/19/2020,MyBookie,,CANISIUS +1,,,,,,,5.50,1.91,N,Y,Bet Ticket: #86780553  Placed: 01/19/2020  STRAIGHT BET  [848] CANISIUS +1 1.91 WIN  Risk: $5.50 WIN  Win: $  5.00
01/19/2020,MyBookie,,YES,,,,(NO vrs YES) (Girona FC vs Tenerife CD - Both teams to score),,,5.55,1.90,N,N,Bet Ticket: #86787829  Placed: 01/19/2020  STRAIGHT BET  [7168754] YES 1.90 (NO vrs YES) (Girona FC vs Tenerife CD - Both teams to score) LOSE  Risk: $5.55 LOSE  Win: $  0.00
01/19/2020,MyBookie,,FC BARCELONA -2,,,,(Granada CF vs FC Barcelona),,,5.00,1.69,N,N,Bet Ticket: #86786188  Placed: 01/19/2020  STRAIGHT BET  [7006802] FC BARCELONA -2 1.69 (Granada CF vs FC Barcelona) LOSE  Risk: $5.00 LOSE  Win: $  0.00
01/19/2020,MyBookie,,YES,,,,"(NO vrs YES) (Granada CF vs FC Barcelona - Griezmann, Antoine to score (incl. overtime))",,,5.40,1.93,N,N,"Bet Ticket: #86787980  Placed: 01/19/2020  STRAIGHT BET  [7179700] YES 1.93 (NO vrs YES) (Granada CF vs FC Barcelona - Griezmann, Antoine to score (incl. overtime)) LOSE  Risk: $5.40 LOSE  Win: $  0.00"
01/14/2020,MyBookie,,TENNESSEE TITANS +7½,,,,,,,5.00,1.87,Y,N,Bet Ticket: #86283436  Placed: 01/14/2020  STRAIGHT BET (FP)  [313] TENNESSEE TITANS +7½ 1.87 LOSE  Risk: $0.00 LOSE  Win: $  0.00
01/19/2020,MyBookie,,MIAMI HEAT -1,,,,,,,5.50,1.91,N,N,Bet Ticket: #86792071  Placed: 01/19/2020  STRAIGHT BET  [567] MIAMI HEAT -1 1.91 LOSE  Risk: $5.50 LOSE  Win: $  0.00
01/19/2020,MyBookie,,TOTAL o221,,,,(MIAMI HEAT vrs SAN ANTONIO SPURS),,,5.50,1.91,N,N,Bet Ticket: #86792271  Placed: 01/19/2020  STRAIGHT BET  [567] TOTAL o221 1.91 (MIAMI HEAT vrs SAN ANTONIO SPURS) LOSE  Risk: $5.50 LOSE  Win: $  0.00
01/19/2020,MyBookie,,LOYOLA CHICAGO -3½,,,,,,,5.50,1.91,N,Y,Bet Ticket: #86780588  Placed: 01/19/2020  STRAIGHT BET  [851] LOYOLA CHICAGO -3½ 1.91 WIN  Risk: $5.50 WIN  Win: $  5.00
01/19/2020,MyBookie,,DRAKE PK,,,,,,,5.50,1.91,N,N,Bet Ticket: #86780589  Placed: 01/19/2020  STRAIGHT BET  [853] DRAKE PK 1.91 LOSE  Risk: $5.50 LOSE  Win: $  0.00
01/19/2020,MyBookie,,SOUTH DAKOTA PK,,,,,,,5.75,1.87,N,Y,Bet Ticket: #86780590  Placed: 01/19/2020  STRAIGHT BET  [856] SOUTH DAKOTA PK 1.87 WIN  Risk: $5.75 WIN  Win: $  5.00
01/19/2020,MyBookie,,TOTAL o133½,,,,(GRAND CANYON vrs UMKC),,,5.50,1.91,N,Y,Bet Ticket: #86887470  Placed: 01/19/2020  STRAIGHT BET  [867] TOTAL o133½ 1.91 (GRAND CANYON vrs UMKC) WIN  Risk: $5.50 WIN  Win: $  5.00
01/19/2020,MyBookie,,EAST CAROLINA +16½,,,,,,,5.50,1.91,N,N,Bet Ticket: #86780432  Placed: 01/19/2020  STRAIGHT BET  [859] EAST CAROLINA +16½ 1.91 LOSE  Risk: $5.50 LOSE  Win: $  0.00
01/19/2020,MyBookie,,WAKE FOREST -6,,,,,,,5.25,1.95,N,Y,Bet Ticket: #86780431  Placed: 01/19/2020  STRAIGHT BET  [858] WAKE FOREST -6 1.95 WIN  Risk: $5.25 WIN  Win: $  5.00
01/19/2020,MyBookie,,TOTAL u140,,,,(BOSTON COLLEGE vrs WAKE FOREST),,,5.50,1.91,N,N,Bet Ticket: #86887612  Placed: 01/19/2020  STRAIGHT BET  [858] TOTAL u140 1.91 (BOSTON COLLEGE vrs WAKE FOREST) LOSE  Risk: $5.50 LOSE  Win: $  0.00
01/19/2020,MyBookie,,MIAMI HEAT,,,,(Miami Heat vs San Antonio Spurs),,,5.00,2.04,N,N,Bet Ticket: #86885976  Placed: 01/19/2020  STRAIGHT BET  [1133613] MIAMI HEAT 2.04 (Miami Heat vs San Antonio Spurs) LOSE  Risk: $5.00 LOSE  Win: $  0.00
01/14/2020,MyBookie,,SAN FRANCISCO 49ERS -7½,,,,,,,5.00,1.91,Y,Y,Bet Ticket: #86283580  Placed: 01/14/2020  STRAIGHT BET (FP)  [312] SAN FRANCISCO 49ERS -7½ 1.91 WIN  Risk: $0.00 WIN  Win: $  4.55
01/14/2020,MyBookie,,SAN FRANCISCO 49ERS -7½,,,,,,,5.00,1.91,Y,Y,Bet Ticket: #86343207  Placed: 01/14/2020  STRAIGHT BET (FP)  [312] SAN FRANCISCO 49ERS -7½ 1.91 WIN  Risk: $0.00 WIN  Win: $  4.55
01/14/2020,MyBookie,,SAN FRANCISCO 49ERS -7½,,,,,,,5.00,1.91,Y,Y,Bet Ticket: #86344430  Placed: 01/14/2020  STRAIGHT BET (FP)  [312] SAN FRANCISCO 49ERS -7½ 1.91 WIN  Risk: $0.00 WIN  Win: $  4.55
01/19/2020,MyBookie,,TOTAL u46½,,,,(GREEN BAY PACKERS vrs SAN FRANCISCO 49ERS),,,5.50,1.91,N,N,Bet Ticket: #86917444  Placed: 01/19/2020  STRAIGHT BET  [312] TOTAL u46½ 1.91 (GREEN BAY PACKERS vrs SAN FRANCISCO 49ERS) LOSE  Risk: $5.50 LOSE  Win: $  0.00
01/19/2020,MyBookie,,TOTAL u40½,,,,"(CORIC, BORNA vrs QUERREY, SAM) (Coric, Borna vs Querrey, Sam - Handicap and total games)",,,5.55,1.90,N,Y,"Bet Ticket: #86919406  Placed: 01/19/2020  STRAIGHT BET  [7208896] TOTAL u40½ 1.90 (CORIC, BORNA vrs QUERREY, SAM) (Coric, Borna vs Querrey, Sam - Handicap and total games) WIN  Risk: $5.55 WIN  Win: $  5.00"
01/16/2020,MyBookie,,BRENDON TODD,,,,,,,5.00,41.00,Y,N,Bet Ticket: #86453078  Placed: 01/16/2020  THE AMERICAN EXPRESS - TO WIN (FP)  [23016] BRENDON TODD 41.00 LOSE  Risk: $0.00 LOSE  Win: $  0.00
01/16/2020,MyBookie,,VAUGHN TAYLOR,,,,,,,5.00,51.00,Y,N,Bet Ticket: #86453079  Placed: 01/16/2020  THE AMERICAN EXPRESS - TO WIN (FP)  [23021] VAUGHN TAYLOR 51.00 LOSE  Risk: $0.00 LOSE  Win: $  0.00
01/16/2020,MyBookie,,ANDREW PUTNAM,,,,,,,5.00,67.00,Y,N,Bet Ticket: #86453080  Placed: 01/16/2020  THE AMERICAN EXPRESS - TO WIN (FP)  [23026] ANDREW PUTNAM 67.00 LOSE  Risk: $0.00 LOSE  Win: $  0.00
01/16/2020,MyBookie,,RORY SABBATINI,,,,,,,5.00,71.00,Y,N,Bet Ticket: #86453081  Placed: 01/16/2020  THE AMERICAN EXPRESS - TO WIN (FP)  [23033] RORY SABBATINI 71.00 LOSE  Risk: $0.00 LOSE  Win: $  0.00
01/16/2020,MyBookie,,CARLOS ORTIZ,,,,,,,5.00,126.00,Y,N,Bet Ticket: #86453082  Placed: 01/16/2020  THE AMERICAN EXPRESS - TO WIN (FP)  [23049] CARLOS ORTIZ 126.00 LOSE  Risk: $0.00 LOSE  Win: $  0.00
01/16/2020,MyBookie,,BEAU HOSSLER,,,,,,,5.00,141.00,Y,N,Bet Ticket: #86453083  Placed: 01/16/2020  THE AMERICAN EXPRESS - TO WIN (FP)  [23058] BEAU HOSSLER 141.00 LOSE  Risk: $0.00 LOSE  Win: $  0.00
01/16/2020,MyBookie,,TOM HOGE,,,,,,,5.00,201.00,Y,N,Bet Ticket: #86453084  Placed: 01/16/2020  THE AMERICAN EXPRESS - TO WIN (FP)  [23075] TOM HOGE 201.00 LOSE  Risk: $0.00 LOSE  Win: $  0.00
01/19/2020,MyBookie,,TOTAL o1½,,,,(1P WINNIPEG JETS vrs 1P CHICAGO BLACKHAWKS),,,7.00,1.71,N,Y,Bet Ticket: #86916195  Placed: 01/19/2020  STRAIGHT BET  [1005] TOTAL o1½ 1.71 (1P WINNIPEG JETS vrs 1P CHICAGO BLACKHAWKS) WIN  Risk: $7.00 WIN  Win: $  5.00
01/19/2020,MyBookie,,1P WINNIPEG JETS,,,,,,,5.75,1.87,N,N,Bet Ticket: #86922691  Placed: 01/19/2020  STRAIGHT BET  [1005] 1P WINNIPEG JETS 1.87 LOSE  Risk: $5.75 LOSE  Win: $  0.00
01/19/2020,MyBookie,,TOTAL o6,,,,(WINNIPEG JETS vrs CHICAGO BLACKHAWKS),,,5.75,1.87,N,Y,Bet Ticket: #86916198  Placed: 01/19/2020  STRAIGHT BET  [5] TOTAL o6 1.87 (WINNIPEG JETS vrs CHICAGO BLACKHAWKS) WIN  Risk: $5.75 WIN  Win: $  5.00
01/19/2020,MyBookie,,WINNIPEG JETS,,,,,,,5.50,1.91,N,N,Bet Ticket: #86922690  Placed: 01/19/2020  STRAIGHT BET  [5] WINNIPEG JETS 1.91 LOSE  Risk: $5.50 LOSE  Win: $  0.00
01/19/2020,MyBookie,,CALIFORNIA +8,,,,,,,5.50,1.91,N,N,Bet Ticket: #86780434  Placed: 01/19/2020  STRAIGHT BET  [861] CALIFORNIA +8 1.91 LOSE  Risk: $5.50 LOSE  Win: $  0.00
01/19/2020,MyBookie,,TOTAL u212,,,,(INDIANA PACERS vrs DENVER NUGGETS),,,5.50,1.91,N,N,Bet Ticket: #86792072  Placed: 01/19/2020  STRAIGHT BET  [570] TOTAL u212 1.91 (INDIANA PACERS vrs DENVER NUGGETS) LOSE  Risk: $5.50 LOSE  Win: $  0.00
01/19/2020,MyBookie,,INDIANA PACERS +1½,,,,,,,5.50,1.91,N,Y,Bet Ticket: #86792074  Placed: 01/19/2020  STRAIGHT BET  [569] INDIANA PACERS +1½ 1.91 WIN  Risk: $5.50 WIN  Win: $  5.00
01/19/2020,MyBookie,,INDIANA PACERS,,,,,,,5.50,1.91,N,Y,Bet Ticket: #86916795  Placed: 01/19/2020  STRAIGHT BET  [569] INDIANA PACERS 1.91 WIN  Risk: $5.50 WIN  Win: $  5.00
01/19/2020,MyBookie,,"CABRERA, LIZETTE",,,,"(CABRERA, LIZETTE vrs LI, ANN) (Cabrera, Lizette vs Li, Ann)",,,5.30,1.94,N,N,"Bet Ticket: #86888733  Placed: 01/19/2020  STRAIGHT BET  [7302055] CABRERA, LIZETTE 1.94 (CABRERA, LIZETTE vrs LI, ANN) (Cabrera, Lizette vs Li, Ann) LOSE  Risk: $5.30 LOSE  Win: $  0.00"
